Address,Beds,Baths,Square Feet,Property Type,Listing Price
"['1808', 'S', 'Bumby', 'Avenue', 'Orlando', 'FL', '32806']",3 beds,2 baths,"1,246 sq. ft",Residental,"$450,000"
"['8429', 'Leeland', 'Archer', 'Blvd', 'Orlando', 'FL', '32836']",4 beds,3 baths,"1,512 sq. ft",Residental,"$425,000"
"['11726', 'Cuxham', 'Drive', 'Orlando', 'FL', '32837']",4 beds,3 baths,"1,684 sq. ft",Residental,"$419,900"
"['1812', 'Crownwood', 'Drive', 'Orlando', 'FL', '32810']",3 beds,2 baths,"1,509 sq. ft",Residental,"$384,999"
"['14060', 'Wild', 'Majestic', 'Street', 'Orlando', 'FL', '32828']",3 beds,2 baths,"1,507 sq. ft",Residental,"$369,000"
"['12241', 'John', 'Wycliffe', 'Boulevard', 'Orlando', 'FL', '32832']",2 beds,2 baths,"1,324 sq. ft",Residental,"$330,000"
"['10505', 'Woodway', 'Drive', 'Orlando', 'FL', '32837']",4 beds,2 baths,"1,683 sq. ft",Residental,"$300,000"
"['9823', 'Dean', 'Acre', 'Drive', 'Orlando', 'FL', '32825']",2 beds,2 baths,"1,030 sq. ft",Residental,"$275,000"
"['2246', 'Coach', 'House', 'Boulevard', '505', 'Orlando', 'FL', '32812']",3 beds,2 baths,"1,505 sq. ft",Residental,"$275,000"
"['2873', 'S', 'Osceola', 'Avenue', '8', 'Orlando', 'FL', '32806']",1 bed,1 bath,632 sq. ft,Residental,"$159,900"
"['14419', 'Augusta', 'Rd.', '211', 'Orlando', 'FL', '32826']",2 beds,2 baths,NaN,Residental,"$59,900"
"['3908', 'Hollow', 'Crossing', 'Drive', 'Orlando', 'FL', '32817']",4 beds,3 baths,"2,368 sq. ft",Residental,"$489,000"
"['3428', 'Soho', 'Street', 'Unit', '306', 'Orlando', 'FL', '32835']",2 beds,2 baths,"1,107 sq. ft",Residental,"$209,900"
"['8635', 'Farthington', 'Way', 'Orlando', 'FL', '32827']",4 beds,4 baths,"3,808 sq. ft",Residental,"$2,450,000"
"['7826', 'Thicket', 'Lane', 'Orlando', 'FL', '32819']",4 beds,3 baths,"2,505 sq. ft",Residental,"$650,000"
"['4955', 'Southfork', 'Ranch', 'Drive', 'Orlando', 'FL', '32812']",4 beds,3 baths,"2,722 sq. ft",Residental,"$599,000"
"['291', 'Isle', 'Of', 'Sky', 'Circle', 'Orlando', 'FL', '32828']",3 beds,2 baths,"2,088 sq. ft",Residental,"$570,000"
"['3748', 'Ocita', 'Drive', 'Orlando', 'FL', '32837']",3 beds,2 baths,"2,013 sq. ft",Residental,"$535,000"
"['11820', 'Ginsberg', 'Place', 'Orlando', 'FL', '32832']",3 beds,2 baths,"2,203 sq. ft",Residental,"$510,000"
"['11391', 'Whistling', 'Pine', 'Way', 'Orlando', 'FL', '32832']",4 beds,3 baths,"2,040 sq. ft",Residental,"$468,000"
"['Tunbridge', 'Street', 'Orlando', 'FL', '32833']",NaN,NaN,NaN,Residental,"$165,000"
"['2055', 'Scranton', 'Ave', '337', 'Orlando', 'FL', '32826']",3 beds,2 baths,NaN,Residental,"$87,900"
"['8324', 'Diamond', 'Cove', 'Circle', 'Orlando', 'FL', '32836']",3 beds,2 baths,"2,192 sq. ft",Residental,"$639,000"
"['7804', 'Hoosier', 'Place', 'Orlando', 'FL', '32807']",3 beds,1 bath,991 sq. ft,Residental,"$279,900"
"['4201', 'E', 'Michigan', 'Street', 'Orlando', 'FL', '32812']",1 bed,1 bath,548 sq. ft,Residental,"$149,900"
"['5826', 'Woodbine', 'Drive', 'Orlando', 'FL', '32809']",3 beds,2 baths,NaN,Residental,"$505,000"
"['10612', 'Gawsworth', 'Point', 'Orlando', 'FL', '32832']",4 beds,3 baths,"2,267 sq. ft",Residental,"$750,000"
"['5429', 'Split', 'Pine', 'Court', 'Orlando', 'FL', '32819']",4 beds,2 baths,"2,259 sq. ft",Residental,"$730,000"
"['14197', 'Deljean', 'Circle', 'Orlando', 'FL', '32828']",4 beds,3 baths,"2,740 sq. ft",Residental,"$659,000"
"['14728', 'Henson', 'Road', 'Orlando', 'FL', '32832']",6 beds,3 baths,"4,005 sq. ft",Residental,"$625,000"
"['623', 'Lakescape', 'Court', 'Orlando', 'FL', '32828']",4 beds,3 baths,"2,592 sq. ft",Residental,"$575,000"
"['14436', 'Mailer', 'Boulevard', 'Orlando', 'FL', '32828']",3 beds,2 baths,"2,247 sq. ft",Residental,"$550,000"
"['707', 'Mayfair', 'Circle', 'Orlando', 'FL', '32803']",4 beds,3 baths,"2,559 sq. ft",Residental,"$549,900"
"['9533', 'Mere', 'Parkway', 'Orlando', 'FL', '32832']",3 beds,2 baths,"1,708 sq. ft",Residental,"$540,000"
"['3916', 'Finch', 'Street', 'Orlando', 'FL', '32803']",3 beds,2 baths,"1,660 sq. ft",Residental,"$515,000"
"['919', 'Gran', 'Paseo', 'Drive', 'Orlando', 'FL', '32825']",4 beds,3 baths,"3,139 sq. ft",Residental,"$500,000"
"['3680', 'Lower', 'Union', 'Road', 'Orlando', 'FL', '32814']",2 beds,2 baths,"1,916 sq. ft",Residental,"$460,000"
"['7739', 'Windbreak', 'Road', 'Orlando', 'FL', '32819']",2 beds,2 baths,"1,580 sq. ft",Residental,"$395,000"
"['2316', 'Turmeric', 'Avenue', 'Orlando', 'FL', '32837']",3 beds,2 baths,"1,550 sq. ft",Residental,"$365,000"
"['3582', 'Shallot', 'Drive', '102', 'Orlando', 'FL', '32835']",3 beds,2 baths,"1,682 sq. ft",Residental,"$355,000"
"['4624', 'Ivy', 'Conoley', 'Drive', 'Orlando', 'FL', '32812']",4 beds,3 baths,"2,718 sq. ft",Residental,"$607,500"
"['151', 'E', 'Washington', 'Street', '3c', 'Orlando', 'FL', '32801']",2 beds,2 baths,"1,785 sq. ft",Residental,"$499,000"
"['9826', 'Bucklow', 'Hill', 'Drive', 'Orlando', 'FL', '32832']",3 beds,2 baths,"1,769 sq. ft",Residental,"$495,000"
"['12061', 'Sawgrass', 'Reserve', 'Boulevard', 'Orlando', 'FL', '32824']",4 beds,3 baths,"1,957 sq. ft",Residental,"$450,000"
"['13237', 'Mallard', 'Cove', 'Boulevard', 'Orlando', 'FL', '32837']",3 beds,2 baths,"1,259 sq. ft",Residental,"$389,900"
"['4981', 'Waterside', 'Pointe', 'Circle', 'Orlando', 'FL', '32829']",4 beds,2 baths,"1,484 sq. ft",Residental,"$384,900"
"['727', 'Hayden', 'Lane', '727', 'Orlando', 'FL', '32804']",2 beds,1 bath,"1,296 sq. ft",Residental,"$285,000"
"['900', 'S', 'Econlockhatchee', 'Trail', 'Orlando', 'FL', '32825']",NaN,NaN,NaN,Residental,"$275,000"
"['2966', 'S', 'Semoran', 'Boulevard', '#1605', 'Orlando', 'FL', '32822']",2 beds,2 baths,889 sq. ft,Residental,"$185,000"
"['6643', 'Hidden', 'Beach', 'Circle', 'Orlando', 'FL', '32819']",4 beds,3 baths,"2,906 sq. ft",Residental,"$1,450,000"
"['1907', 'Illinois', 'Street', 'Orlando', 'FL', '32803']",5 beds,3 baths,"2,848 sq. ft",Residental,"$1,200,000"
"['3330', 'Timucua', 'Circle', 'Orlando', 'FL', '32837']",4 beds,3 baths,"2,743 sq. ft",Residental,"$714,999"
"['4138', 'Bell', 'Tower', 'Court', 'Belle', 'Isle', 'FL', '32812']",3 beds,2 baths,"2,346 sq. ft",Residental,"$532,500"
"['13206', 'St', 'Cole', 'Court', 'Orlando', 'FL', '32828']",5 beds,3 baths,"2,371 sq. ft",Residental,"$505,000"
"['11817', 'Citruswood', 'Drive', 'Orlando', 'FL', '32832']",4 beds,3 baths,"1,872 sq. ft",Residental,"$399,000"
"['2612', 'Drake', 'Drive', 'Orlando', 'FL', '32810']",3 beds,2 baths,"2,406 sq. ft",Residental,"$398,000"
"['4731', 'Deer', 'Road', 'Orlando', 'FL', '32812']",3 beds,2 baths,"2,098 sq. ft",Residental,"$379,000"
"['9720', 'Winder', 'Trail', 'Orlando', 'FL', '32817']",3 beds,2 baths,"1,054 sq. ft",Residental,"$345,000"
"['7337', 'Radiant', 'Circle', 'Orlando', 'FL', '32810']",3 beds,2 baths,"1,572 sq. ft",Residental,"$310,000"
"['2799', 'Heatherside', 'Avenue', 'Orlando', 'FL', '32822']",3 beds,2 baths,"1,387 sq. ft",Residental,"$300,000"
"['440', 'Delaney', 'Park', 'Drive', 'Orlando', 'FL', '32806']",4 beds,5 baths,"3,252 sq. ft",Residental,"$1,075,000"
"['10690', 'Willow', 'Ridge', 'Loop', 'Orlando', 'FL', '32825']",6 beds,3 baths,"2,707 sq. ft",Residental,"$559,999"
"['10567', 'Satinwood', 'Circle', 'Orlando', 'FL', '32825']",3 beds,2 baths,"1,626 sq. ft",Residental,"$449,000"
"['7617', 'Canfield', 'Court', 'Orlando', 'FL', '32818']",4 beds,2 baths,"1,731 sq. ft",Residental,"$310,000"
"['911', 'N', 'Orange', 'Avenue', 'Unit', '449', 'Orlando', 'FL', '32801']",2 beds,2 baths,"1,085 sq. ft",Residental,"$279,000"
"['Ortega', 'Street', 'Orlando', 'FL', '32833']",NaN,NaN,NaN,Residental,"$150,000"
"['1017', 'S', 'Hiawassee', 'Rd', '#3735', 'Orlando', 'FL', '32835']",1 bed,1 bath,673 sq. ft,Residental,"$150,000"
"['19326', 'Majestic', 'St', 'Street', 'Orlando', 'FL', '32833']",4 beds,2 baths,"3,202 sq. ft",Residental,"$660,000"
"['8640', 'Tansy', 'Drive', 'N', 'Orlando', 'FL', '32819']",4 beds,3 baths,"2,940 sq. ft",Residental,"$599,000"
"['2227', 'Bastings', 'Avenue', 'Orlando', 'FL', '32833']",4 beds,2 baths,"2,434 sq. ft",Residental,"$545,000"
"['4134', 'Edgewater', 'Drive', 'Orlando', 'FL', '32804']",3 beds,2 baths,"2,032 sq. ft",Residental,"$540,000"
"['11817', 'Ginsberg', 'Place', 'Orlando', 'FL', '32832']",4 beds,3 baths,"2,470 sq. ft",Residental,"$530,000"
"['2420', 'E', 'Illiana', 'Street', 'Orlando', 'FL', '32806']",4 beds,NaN,"1,781 sq. ft",Residental,"$475,000"
"['221', 'Mc', 'Jordan', 'Avenue', 'Orlando', 'FL', '32801']",3 beds,2 baths,"1,453 sq. ft",Residental,"$450,000"
"['Orlando', 'FL', '32828']",4 beds,2 baths,"1,862 sq. ft",Residental,"$420,000"
"['6070', 'Wedgewood', 'Circle', 'Orlando', 'FL', '32808']",4 beds,2 baths,"1,525 sq. ft",Residental,"$360,000"
"['5270', 'San', 'Paulo', 'Street', 'Orlando', 'FL', '32807']",3 beds,2 baths,"1,283 sq. ft",Residental,"$349,999"
"['1410', 'Altaloma', 'Avenue', 'Orlando', 'FL', '32803']",2 beds,1 bath,"1,260 sq. ft",Residental,"$315,000"
"['8125', 'Resort', 'Village', 'Drive', '51003', 'Orlando', 'FL', '32821']",2 beds,2 baths,"1,060 sq. ft",Residental,"$264,000"
"['3415', 'Cherry', 'Lane', 'Orlando', 'FL', '32808']",2 beds,2 baths,"1,158 sq. ft",Residental,"$255,000"
"['4431', 'Baybreeze', 'Road', 'Orlando', 'FL', '32808']",4 beds,2 baths,"1,549 sq. ft",Residental,"$399,000"
"['6417', 'Swallow', 'Hill', 'Drive', 'Orlando', 'FL', '32818']",3 beds,2 baths,"1,155 sq. ft",Residental,"$310,000"
"['811', '-', '815', '18th', 'Street', 'Orlando', 'FL', '32805']",4 beds,NaN,"1,552 sq. ft",Residental,"$299,990"
"['4845', 'Pat', 'Ann', 'Terrace', 'Orlando', 'FL', '32808']",3 beds,2 baths,"1,745 sq. ft",Residental,"$265,000"
"['1059', 'S', 'Hiawassee', 'Road', '1824', 'Orlando', 'FL', '32835']",2 beds,2 baths,836 sq. ft,Residental,"$249,999"
"['6734', 'Meritmoor', 'Circle', 'Orlando', 'FL', '32818']",3 beds,2 baths,"1,067 sq. ft",Residental,"$245,000"
"['8101', 'Resort', 'Village', 'Drive', '31208', 'Orlando', 'FL', '32821']",2 beds,2 baths,"1,060 sq. ft",Residental,"$218,000"
"['1017', 'S', 'Hiawassee', 'Road', '3733', 'Orlando', 'FL', '32835']",1 bed,1 bath,673 sq. ft,Residental,"$169,990"
"['4326', 'Lakeway', 'Drive', 'E', 'Orlando', 'FL', '32839']",2 beds,2 baths,976 sq. ft,Residental,"$125,000"
"['4342', 'Lakeway', 'Drive', 'A', 'Orlando', 'FL', '32839']",1 bed,1 bath,642 sq. ft,Residental,"$82,000"
"['1733', 'Inverary', 'Dr.', '982', 'Orlando', 'FL', '32826']",2 beds,2 baths,NaN,Residental,"$79,900"
"['1916', 'N', 'Hastings', 'Street', 'Orlando', 'FL', '32808']",3 beds,2 baths,"1,740 sq. ft",Residental,"$325,000"
"['2912', 'Eastern', 'Willow', 'Ave', 'Orlando', 'FL', '32808']",2 beds,2 baths,"1,040 sq. ft",Residental,"$109,500"
"['14172', 'Moniz', 'Avenue', 'Orlando', 'FL', '32827']",5 beds,4 baths,"3,314 sq. ft",Residental,"$1,200,000"
"['620', 'E', 'Marks', 'Street', 'Orlando', 'FL', '32803']",4 beds,3 baths,"2,634 sq. ft",Residental,"$899,000"
"['2140', 'Cascades', 'Cove', 'Drive', 'Orlando', 'FL', '32820']",5 beds,3 baths,"3,210 sq. ft",Residental,"$598,000"
"['2579', 'Bancroft', 'Boulevard', 'Orlando', 'FL', '32833']",4 beds,2 baths,"2,023 sq. ft",Residental,"$545,000"
"['520', 'Tuten', 'Trail', 'Orlando', 'FL', '32828']",4 beds,2 baths,"2,482 sq. ft",Residental,"$465,000"
"['4331', 'Old', 'Dominion', 'Road', 'Orlando', 'FL', '32812']",4 beds,2 baths,"2,735 sq. ft",Residental,"$449,999"
"['1808', 'Edmundshire', 'Road', 'Orlando', 'FL', '32812']",3 beds,2 baths,"2,285 sq. ft",Residental,"$425,000"
"['2479', 'Citrus', 'Club', 'Lane', '3303', 'Orlando', 'FL', '32839']",2 beds,2 baths,"1,232 sq. ft",Residental,"$169,500"
"['13615', 'Ritta', 'Island', 'Drive', 'Orlando', 'FL', '32827']",5 beds,4 baths,"3,333 sq. ft",Residental,"$1,100,000"
"['1015', 'N', 'Hampton', 'Avenue', 'Orlando', 'FL', '32803']",3 beds,2 baths,"1,979 sq. ft",Residental,"$649,900"
"['13213', 'Lake', 'Live', 'Oak', 'Drive', 'Orlando', 'FL', '32828']",5 beds,4 baths,"3,053 sq. ft",Residental,"$645,000"
"['3607', 'N', 'Westmoreland', 'Drive', 'Orlando', 'FL', '32804']",3 beds,2 baths,"2,047 sq. ft",Residental,"$635,000"
"['10025', 'Savannah', 'Bluff', 'Lane', 'Orlando', 'FL', '32829']",4 beds,2 baths,"1,972 sq. ft",Residental,"$465,000"
"['3427', 'Windy', 'Wood', 'Drive', 'Orlando', 'FL', '32812']",4 beds,2 baths,"2,291 sq. ft",Residental,"$439,900"
"['7842', 'Holiday', 'Isle', 'Drive', '101', 'Orlando', 'FL', '32812']",3 beds,3 baths,"1,721 sq. ft",Residental,"$435,000"
"['317', 'E', 'Jersey', 'Street', 'Orlando', 'FL', '32806']",3 beds,2 baths,"1,561 sq. ft",Residental,"$399,900"
"['10058', 'River', 'Glen', 'Court', 'Orlando', 'FL', '32825']",4 beds,2 baths,"1,913 sq. ft",Residental,"$399,000"
"['602', 'Herons', 'Nest', 'Court', 'Orlando', 'FL', '32825']",3 beds,2 baths,"1,801 sq. ft",Residental,"$395,000"
"['975', 'Enclair', 'Street', 'Orlando', 'FL', '32828']",3 beds,2 baths,"1,762 sq. ft",Residental,"$357,900"
"['3224', 'Merton', 'Alley', 'Orlando', 'FL', '32808']",3 beds,2 baths,"1,594 sq. ft",Residental,"$349,990"
"['2620', 'Bluebonnet', 'Street', 'Orlando', 'FL', '32807']",2 beds,2 baths,"1,848 sq. ft",Residental,"$345,000"
"['9030', 'Tecumseh', 'Drive', 'Orlando', 'FL', '32825']",3 beds,2 baths,"1,308 sq. ft",Residental,"$332,500"
"['9030', 'Tecumseh', 'Drive', 'Orlando', 'FL', '32825']",3 beds,2 baths,"1,308 sq. ft",Residental,"$332,500"
"['2120', 'Justin', 'Avenue', 'Orlando', 'FL', '32826']",3 beds,2 baths,"1,166 sq. ft",Residental,"$325,000"
"['5505', 'Tartan', 'Drive', 'Orlando', 'FL', '32807']",3 beds,1 bath,"1,148 sq. ft",Residental,"$317,000"
"['4988', 'Clarcona', 'Ocoee', 'Road', 'Orlando', 'FL', '32810']",3 beds,2 baths,"1,957 sq. ft",Residental,"$317,000"
"['6206', 'Castelven', 'Drive', '106', 'Orlando', 'FL', '32835']",2 beds,2 baths,"1,546 sq. ft",Residental,"$310,000"
"['1209', 'Hoffner', 'Avenue', 'Orlando', 'FL', '32809']",NaN,NaN,NaN,Residental,"$214,900"
"['10262', 'Chiltern', 'Garden', 'Drive', 'Orlando', 'FL', '32827']",3 beds,3 baths,"2,486 sq. ft",Residental,"$1,650,000"
"['10262', 'Chiltern', 'Garden', 'Drive', 'Orlando', 'FL', '32827']",3 beds,3 baths,"2,486 sq. ft",Residental,"$1,650,000"
"['4149', 'Sunset', 'Preserve', 'Boulevard', 'Orlando', 'FL', '32820']",4 beds,3 baths,"3,313 sq. ft",Residental,"$774,900"
"['9018', 'Heritage', 'Bay', 'Circle', 'Orlando', 'FL', '32836']",4 beds,3 baths,"2,164 sq. ft",Residental,"$690,000"
"['7201', 'Greenville', 'Court', 'Orlando', 'FL', '32819']",4 beds,3 baths,"2,084 sq. ft",Residental,"$619,000"
"['1312', 'Corbett', 'Lane', 'Orlando', 'FL', '32806']",3 beds,2 baths,"1,869 sq. ft",Residental,"$550,000"
"['46', 'E', 'Princeton', 'Street', 'Orlando', 'FL', '32804']",4 beds,NaN,"2,016 sq. ft",Residental,"$499,900"
"['4162', 'Evander', 'Drive', 'Orlando', 'FL', '32812']",3 beds,2 baths,"2,114 sq. ft",Residental,"$499,000"
"['13761', 'Phoenix', 'Drive', 'Orlando', 'FL', '32828']",3 beds,2 baths,"1,624 sq. ft",Residental,"$425,000"
"['8502', 'Butternut', 'Boulevard', 'Orlando', 'FL', '32817']",3 beds,2 baths,"1,782 sq. ft",Residental,"$425,000"
"['572', 'Mellowood', 'Avenue', 'Orlando', 'FL', '32825']",3 beds,2 baths,"1,798 sq. ft",Residental,"$420,000"
"['3832', 'Landlubber', 'Street', 'Orlando', 'FL', '32812']",3 beds,2 baths,"1,444 sq. ft",Residental,"$399,900"
"['5215', 'Tyson', 'Ranch', 'Boulevard', 'Orlando', 'FL', '32824']",3 beds,2 baths,"1,669 sq. ft",Residental,"$393,800"
"['13212', 'Meadowlark', 'Lane', 'Orlando', 'FL', '32828']",3 beds,2 baths,"1,614 sq. ft",Residental,"$385,000"
"['1436', 'Timberbend', 'Circle', 'Orlando', 'FL', '32824']",3 beds,2 baths,"1,378 sq. ft",Residental,"$359,000"
"['6160', 'Mattox', 'Street', 'Orlando', 'FL', '32822']",4 beds,2 baths,"1,496 sq. ft",Residental,"$349,900"
"['14255', 'Swanley', 'Street', 'Orlando', 'FL', '32832']",2 beds,2 baths,"1,360 sq. ft",Residental,"$345,000"
"['149', 'Mercado', 'Avenue', 'Orlando', 'FL', '32807']",3 beds,1 bath,"1,150 sq. ft",Residental,"$300,000"
"['8125', 'Resort', 'Village', 'Dr', '51114', 'Orlando', 'FL', '32821']",3 beds,2 baths,"1,231 sq. ft",Residental,"$295,000"
"['000', 'Dill', 'Road', 'Orlando', 'FL', '32820']",NaN,NaN,NaN,Residental,"$28,799"
"['0', 'Dill', 'Road', 'Orlando', 'FL', '32820']",NaN,NaN,NaN,Residental,"$27,799"
"['00', 'Dill', 'Road', 'Orlando', 'FL', '32820']",NaN,NaN,NaN,Residental,"$27,799"
"['7693', 'Eldorado', 'Place', 'Orlando', 'FL', '32818']",NaN,NaN,NaN,Residental,"$15,500"
"['4818', 'Balboa', 'Drive', 'Orlando', 'FL', '32808']",3 beds,1 bath,"1,378 sq. ft",Residental,"$199,000"
"['7500', 'Harbor', 'Bend', 'Circle', 'Orlando', 'FL', '32822']",3 beds,2 baths,"1,589 sq. ft",Residental,"$399,999"
"['3808', 'Harbour', 'Drive', 'Orlando', 'FL', '32806']",3 beds,2 baths,"2,087 sq. ft",Residental,"$775,000"
"['1704', 'Curry', 'Ford', 'Road', 'Orlando', 'FL', '32806']",3 beds,2 baths,"1,586 sq. ft",Residental,"$369,900"
"['8114', 'Port', 'Said', 'Street', 'Orlando', 'FL', '32817']",3 beds,2 baths,"1,135 sq. ft",Residental,"$275,000"
"['6165', 'Carrier', 'Drive', '1210', 'Orlando', 'FL', '32819']",1 bed,1 bath,408 sq. ft,Residental,"$158,000"
"['Lot', '146', 'S', 'INTERNATIONAL', 'DRIVE', 'Orlando', 'FL', '32821']",NaN,NaN,NaN,Residental,"$157,000"
"['2000', 'Gerda', 'Terrace', 'Orlando', 'FL', '32804']",5 beds,3 baths,"3,249 sq. ft",Residental,"$874,900"
"['4400', 'Elaine', 'Place', 'Orlando', 'FL', '32812']",3 beds,2 baths,"1,574 sq. ft",Residental,"$409,900"
"['1848', 'Patterson', 'Avenue', 'Orlando', 'FL', '32811']",3 beds,1 bath,"1,020 sq. ft",Residental,"$250,000"
"['8761', 'The', 'Esplanade', '9', 'Orlando', 'FL', '32836']",2 beds,2 baths,"2,162 sq. ft",Residental,"$619,900"
"['9950', 'Indigo', 'Bay', 'Circle', 'Orlando', 'FL', '32832']",5 beds,3 baths,"2,700 sq. ft",Residental,"$594,900"
"['4507', 'Misty', 'Morn', 'Circle', 'Orlando', 'FL', '32812']",4 beds,2 baths,"1,792 sq. ft",Residental,"$479,800"
"['614', 'Terrace', 'Cove', 'Way', 'Orlando', 'FL', '32828']",4 beds,2 baths,"2,296 sq. ft",Residental,"$450,000"
"['2443', 'Long', 'Meadow', 'Way', 'Orlando', 'FL', '32817']",3 beds,2 baths,"1,185 sq. ft",Residental,"$359,900"
"['3641', 'Borah', 'Lane', 'Orlando', 'FL', '32839']",3 beds,2 baths,"1,533 sq. ft",Residental,"$335,000"
"['1017', 'S', 'Hiawassee', 'Road', '3736', 'Orlando', 'FL', '32835']",1 bed,1 bath,673 sq. ft,Residental,"$155,000"
"['7316', 'Balboa', 'Drive', '7316', 'Orlando', 'FL', '32818']",2 beds,1 bath,971 sq. ft,Residental,"$116,000"
"['8419', 'Karwick', 'Street', 'Orlando', 'FL', '32836']",7 beds,6 baths,"5,422 sq. ft",Residental,"$1,709,995"
"['1380', 'Lochbreeze', 'Way', 'Other', 'City', '-', 'In', 'The', 'State', 'Of', 'Florida', 'FL', '32828']",4 beds,2 baths,"2,017 sq. ft",Residental,"$535,000"
"['1212', 'S', 'Hiawassee', 'Road', '526', 'Orlando', 'FL', '32835']",3 beds,2 baths,"1,408 sq. ft",Residental,"$257,000"
"['19801', 'Sheldon', 'Street', 'Orlando', 'FL', '32833']",4 beds,2 baths,"2,431 sq. ft",Residental,"$625,000"
"['7519', 'Pacific', 'Heights', 'Circle', 'Orlando', 'FL', '32835']",3 beds,2 baths,"1,183 sq. ft",Residental,"$300,000"
"['7826', 'Dausset', 'Street', 'Orlando', 'FL', '32827']",4 beds,3 baths,"2,988 sq. ft",Residental,"$1,000,000"
"['9875', 'Magnolia', 'Woods', 'Boulevard', 'Orlando', 'FL', '32832']",4 beds,3 baths,"2,133 sq. ft",Residental,"$500,000"
"['8045', 'Elmstone', 'Circle', 'Orlando', 'FL', '32822']",3 beds,2 baths,"1,450 sq. ft",Residental,"$379,000"
"['1065', 'S', 'Hiawassee', 'Road', '1417', 'Orlando', 'FL', '32835']",2 beds,2 baths,934 sq. ft,Residental,"$195,000"
"['6499', 'Royal', 'Tern', 'Street', 'Orlando', 'FL', '32810']",3 beds,2 baths,"1,746 sq. ft",Residental,"$389,900"
"['5848', 'Windhover', 'Drive', '5848', 'Orlando', 'FL', '32819']",2 beds,2 baths,"1,258 sq. ft",Residental,"$229,990"
"['2500', 'Woodgate', 'Boulevard', '206', 'Orlando', 'FL', '32822']",2 beds,2 baths,900 sq. ft,Residental,"$169,500"
"['14237', 'Bella', 'Lane', 'Orlando', 'FL', '32832']",5 beds,4 baths,"3,735 sq. ft",Residental,"$1,295,000"
"['14730', 'Chadderton', 'Court', 'Orlando', 'FL', '32824']",4 beds,3 baths,"2,707 sq. ft",Residental,"$510,900"
"['720', 'Tuten', 'Trail', 'Orlando', 'FL', '32828']",4 beds,3 baths,"2,517 sq. ft",Residental,"$495,000"
"['11837', 'Old', 'Glory', 'Drive', 'Orlando', 'FL', '32837']",3 beds,2 baths,"1,916 sq. ft",Residental,"$445,000"
"['5433', 'Lake', 'Margaret', 'Drive', '194', 'Orlando', 'FL', '32812']",2 beds,2 baths,"1,023 sq. ft",Residental,"$212,000"
"['1945', 'Annapolis', 'Ave', 'Orlando', 'FL', '32826']",NaN,NaN,NaN,Residental,"$77,000"
"['20637', 'Netherland', 'Street', 'Orlando', 'FL', '32833']",4 beds,4 baths,"2,784 sq. ft",Residental,"$499,000"
"['5229', 'Marbella', 'Isle', 'Drive', 'Orlando', 'FL', '32837']",3 beds,2 baths,"1,640 sq. ft",Residental,"$435,000"
"['12610', 'Michigan', 'Woods', 'Court', 'Orlando', 'FL', '32824']",3 beds,2 baths,"1,348 sq. ft",Residental,"$340,000"
"['155', 'S', 'Court', 'Avenue', '1910', 'Orlando', 'FL', '32801']",1 bed,1 bath,804 sq. ft,Residental,"$298,925"
"['5710', 'Cardinals', 'Guard', 'Ave', 'Orlando', 'FL', '32839']",3 beds,2 baths,"1,000 sq. ft",Residental,"$265,000"
"['3727', 'S', 'Lake', 'Orlando', 'Parkway', '7', 'Orlando', 'FL', '32808']",2 beds,1 bath,"1,021 sq. ft",Residental,"$174,000"
"['3108', 'San', 'Leo', 'Drive', 'Orlando', 'FL', '32820']",4 beds,3 baths,"3,622 sq. ft",Residental,"$610,000"
"['3022', 'Troy', 'Drive', 'Orlando', 'FL', '32806']",3 beds,2 baths,"2,446 sq. ft",Residental,"$899,999"
"['9717', 'Pecky', 'Cypress', 'Way', 'Orlando', 'FL', '32836']",3 beds,2 baths,"2,241 sq. ft",Residental,"$499,990"
"['125', 'Sandhill', 'Crane', 'Run', 'Orlando', 'FL', '32828']",4 beds,2 baths,"1,931 sq. ft",Residental,"$410,000"
"['524', 'Vern', 'Drive', 'Orlando', 'FL', '32805']",3 beds,2 baths,"1,825 sq. ft",Residental,"$333,000"
"['4508', 'Southmore', 'Drive', 'Orlando', 'FL', '32812']",4 beds,2 baths,"1,161 sq. ft",Residental,"$315,000"
"['11523', 'Thurston', 'Way', 'Orlando', 'FL', '32837']",2 beds,2 baths,"1,117 sq. ft",Residental,"$270,000"
"['5411', 'Fairwood', 'Way', '302', 'Orlando', 'FL', '32808']",3 beds,2 baths,"1,472 sq. ft",Residental,"$143,900"
"['5429', 'Brookswood', 'Way', '804', 'Orlando', 'FL', '32808']",2 beds,2 baths,"1,270 sq. ft",Residental,"$125,900"
"['Caesar', 'Avenue', 'Orlando', 'FL', '32833']",NaN,NaN,NaN,Residental,"$70,000"
"['155', 'S', 'Court', 'Avenue', 'Orlando', 'FL', '32801']",1 bed,1 bath,729 sq. ft,Residental,"$291,900"
"['7699', 'Milano', 'Drive', 'Orlando', 'FL', '32835']",4 beds,3 baths,"2,667 sq. ft",Residental,"$735,000"
"['9740', '9th', 'Avenue', 'Orlando', 'FL', '32824']",4 beds,2 baths,"1,750 sq. ft",Residental,"$380,000"
"['935', 'N', 'Hyer', 'Avenue', 'Orlando', 'FL', '32803']",3 beds,2 baths,"1,982 sq. ft",Residental,"$550,000"
"['5156', 'Conroy', 'Road', '1124', 'Orlando', 'FL', '32811']",2 beds,2 baths,"1,028 sq. ft",Residental,"$189,000"
"['155', 'S', 'Court', 'Avenue', 'Orlando', 'FL', '32801']",2 beds,2 baths,"1,261 sq. ft",Residental,"$414,900"
"['19320', 'Oberly', 'Parkway', 'Orlando', 'FL', '32833']",4 beds,3 baths,"2,686 sq. ft",Residental,"$799,000"
"['16', 'Nancy', 'Lee', 'Avenue', 'Orlando', 'FL', '32807']",3 beds,1 bath,"1,290 sq. ft",Residental,"$390,000"
"['4386', 'Lake', 'Underhill', 'Road', 'C', 'Orlando', 'FL', '32803']",2 beds,2 baths,"1,250 sq. ft",Residental,"$218,000"
"['Wembley', 'Avenue', 'Orlando', 'FL', '32833']",NaN,NaN,NaN,Residental,"$59,800"
"['13119', 'Granger', 'Avenue', 'Orlando', 'FL', '32827']",5 beds,4 baths,"4,054 sq. ft",Residental,"$1,049,777"
"['1887', 'Florence', 'Vista', 'Boulevard', 'Orlando', 'FL', '32818']",5 beds,3 baths,"2,770 sq. ft",Residental,"$500,000"
"['706', 'Braidwood', 'Lane', 'Orlando', 'FL', '32803']",3 beds,2 baths,"1,651 sq. ft",Residental,"$449,900"
"['11797', 'Tidal', 'Alley', 'Orlando', 'FL', '32832']",4 beds,2 baths,"1,678 sq. ft",Residental,"$445,000"
"['1617', 'Florinda', 'Drive', 'Orlando', 'FL', '32804']",5 beds,2 baths,"1,500 sq. ft",Residental,"$395,000"
"['9307', 'Telfer', 'Run', 'Orlando', 'FL', '32817']",3 beds,2 baths,"1,533 sq. ft",Residental,"$389,900"
"['838', 'Ellwood', 'Avenue', 'Orlando', 'FL', '32804']",2 beds,1 bath,912 sq. ft,Residental,"$369,900"
"['642', 'International', 'Drive', 'Orlando', 'FL', '32821']",NaN,NaN,NaN,Residental,"$364,000"
"['2158', 'Glossy', 'Privet', 'Drive', 'Orlando', 'FL', '32828']",3 beds,3 baths,"1,376 sq. ft",Residental,"$350,000"
"['2227', 'Fleet', 'Circle', 'Orlando', 'FL', '32817']",3 beds,1 bath,"1,360 sq. ft",Residental,"$329,700"
"['5067', 'Stone', 'Harbour', 'Road', 'Orlando', 'FL', '32808']",3 beds,2 baths,"1,418 sq. ft",Residental,"$320,000"
"['7024', 'Watseka', 'Avenue', 'Orlando', 'FL', '32818']",4 beds,2 baths,"1,300 sq. ft",Residental,"$298,000"
"['1122', 'N', 'Powers', 'Drive', 'Orlando', 'FL', '32818']",4 beds,2 baths,"2,930 sq. ft",Residental,"$264,900"
"['2071', 'Dixie', 'Belle', 'Drive', '2071p', 'Orlando', 'FL', '32812']",2 beds,1 bath,845 sq. ft,Residental,"$179,900"
"['5423', 'Timberchase', 'Court', 'Orlando', 'FL', '32811']",3 beds,2 baths,"1,100 sq. ft",Residental,"$325,000"
"['1522', 'W', 'Washington', 'Street', 'Orlando', 'FL', '32805']",4 beds,3 baths,"2,068 sq. ft",Residental,"$310,000"
"['448', 'Delicata', 'Drive', 'Orlando', 'FL', '32807']",3 beds,2 baths,"1,303 sq. ft",Residental,"$300,000"
"['805', 'Park', 'Villa', 'Circle', 'Orlando', 'FL', '32824']",2 beds,2 baths,990 sq. ft,Residental,"$220,000"
"['911', 'N', 'Orange', 'Avenue', '125', 'Orlando', 'FL', '32801']",1 bed,1 bath,763 sq. ft,Residental,"$199,900"
"['120', 'W', 'America', 'Street', '8', 'Orlando', 'FL', '32801']",1 bed,1 bath,636 sq. ft,Residental,"$152,500"
"['Mardi', 'Gras', 'Street', 'Orlando', 'FL', '32833']",NaN,NaN,NaN,Residental,"$79,900"
"['3826', 'Hunters', 'Isle', 'Drive', 'Orlando', 'FL', '32837']",6 beds,5 baths,"4,415 sq. ft",Residental,"$1,250,000"
"['14691', 'Tanja', 'King', 'Boulevard', 'Orlando', 'FL', '32828']",4 beds,2 baths,"2,988 sq. ft",Residental,"$679,900"
"['1329', 'Radclyffe', 'Road', 'Orlando', 'FL', '32804']",4 beds,3 baths,"2,428 sq. ft",Residental,"$678,500"
"['8765', 'Ribault', 'Avenue', 'Orlando', 'FL', '32832']",4 beds,3 baths,"2,658 sq. ft",Residental,"$550,000"
"['4140', 'Teriwood', 'Avenue', 'Orlando', 'FL', '32812']",3 beds,2 baths,"2,012 sq. ft",Residental,"$520,000"
"['4739', 'Creekside', 'Park', 'Avenue', 'Orlando', 'FL', '32811']",3 beds,2 baths,"2,081 sq. ft",Residental,"$440,000"
"['10113', 'Winding', 'Creek', 'Lane', 'Orlando', 'FL', '32825']",3 beds,2 baths,"1,819 sq. ft",Residental,"$424,000"
"['415', 'Sunset', 'Drive', 'Orlando', 'FL', '32805']",2 beds,1 bath,"1,140 sq. ft",Residental,"$228,500"
"['2800', 'N', 'Powers', 'Drive', '9', 'Orlando', 'FL', '32818']",2 beds,1 bath,832 sq. ft,Residental,"$107,500"
"['1113', 'Cherry', 'Valley', 'Way', 'Orlando', 'FL', '32828']",4 beds,2 baths,"1,942 sq. ft",Residental,"$419,900"
"['5865', 'Manchester', 'Bridge', 'Drive', 'Orlando', 'FL', '32829']",3 beds,2 baths,"1,717 sq. ft",Residental,"$409,000"
"['6240', 'Dell', 'Street', 'Orlando', 'FL', '32809']",3 beds,2 baths,"1,096 sq. ft",Residental,"$269,000"
"['13917', 'Fairway', 'Island', 'Drive', '924', 'Orlando', 'FL', '32837']",2 beds,2 baths,"1,020 sq. ft",Residental,"$239,900"
"['9672', 'Bryanston', 'Drive', 'Orlando', 'FL', '32827']",5 beds,5 baths,"5,107 sq. ft",Residental,"$2,999,000"
"['6977', 'Dolce', 'Street', 'Orlando', 'FL', '32819']",4 beds,3 baths,"2,988 sq. ft",Residental,"$699,000"
"['1480', 'E', 'Illiana', 'Street', 'Orlando', 'FL', '32806']",3 beds,2 baths,"1,621 sq. ft",Residental,"$459,900"
"['10509', 'Cherry', 'Oak', 'Circle', 'Orlando', 'FL', '32817']",4 beds,2 baths,"1,936 sq. ft",Residental,"$439,000"
"['Hickory', 'Tree', 'Court', 'Orlando', 'FL', '32832']",NaN,NaN,NaN,Residental,"$365,000"
"['3901', 'Beachman', 'Drive', 'Orlando', 'FL', '32810']",2 beds,1 bath,"1,031 sq. ft",Residental,"$280,000"
"['6068', 'Willowpointe', 'Circle', '202', 'Orlando', 'FL', '32822']",2 beds,2 baths,914 sq. ft,Residental,"$235,000"
"['4101', 'S', 'Texas', 'Avenue', 'Orlando', 'FL', '32839']",NaN,NaN,NaN,Residental,"$2,500,000"
"['4101', 'S', 'Texas', 'Avenue', 'Orlando', 'FL', '32839']",NaN,NaN,NaN,Residental,"$2,500,000"
"['1610', 'Laken', 'Cove', 'Lane', 'Orlando', 'FL', '32804']",4 beds,4 baths,"3,863 sq. ft",Residental,"$2,300,000"
"['5180', 'Lake', 'Margaret', 'Drive', 'Orlando', 'FL', '32812']",NaN,NaN,NaN,Residental,"$1,200,000"
"['5180', 'Lake', 'Margaret', 'Drive', 'Orlando', 'FL', '32812']",3 beds,2 baths,"3,445 sq. ft",Residental,"$1,200,000"
"['11657', 'Fiction', 'Avenue', 'Orlando', 'FL', '32832']",3 beds,2 baths,"1,518 sq. ft",Residental,"$490,000"
"['20549', 'Nettleton', 'Street', 'Orlando', 'FL', '32833']",3 beds,2 baths,"2,248 sq. ft",Residental,"$482,000"
"['1255', 'Blackwater', 'Pond', 'Drive', 'Orlando', 'FL', '32828']",4 beds,2 baths,"2,721 sq. ft",Residental,"$479,000"
"['1231', 'Falling', 'Star', 'Lane', 'Orlando', 'FL', '32828']",3 beds,2 baths,"2,060 sq. ft",Residental,"$377,000"
"['4750', 'Kempston', 'Drive', 'Orlando', 'FL', '32812']",4 beds,2 baths,"1,638 sq. ft",Residental,"$370,000"
"['Arbor', 'Glen', 'Court', 'Orlando', 'FL', '32832']",NaN,NaN,NaN,Residental,"$365,000"
"['6524', 'Swissco', 'Drive', '1012', 'Orlando', 'FL', '32822']",3 beds,2 baths,"1,286 sq. ft",Residental,"$277,000"
"['5812', 'Bolling', 'Drive', 'Orlando', 'FL', '32808']",3 beds,1 bath,"1,666 sq. ft",Residental,"$260,000"
"['5944', 'Branch', 'Drive', 'Orlando', 'FL', '32822']",3 beds,2 baths,"1,132 sq. ft",Residental,"$287,500"
"['4551', 'Frisco', 'Circle', 'Orlando', 'FL', '32808']",3 beds,2 baths,"1,107 sq. ft",Residental,"$265,000"
"['4548', 'Cepeda', 'Street', 'Orlando', 'FL', '32811']",3 beds,1 bath,"1,124 sq. ft",Residental,"$229,900"
"['6165', 'Carrier', 'Drive', '1303', 'Orlando', 'FL', '32819']",2 beds,2 baths,583 sq. ft,Residental,"$185,000"
"['4367', 'Thornbriar', 'Lane', '207', 'Orlando', 'FL', '32822']",2 beds,2 baths,935 sq. ft,Residental,"$167,990"
"['1128', 'Timor', 'Avenue', 'Orlando', 'FL', '32804']",NaN,NaN,NaN,Residental,"$150,000"
"['901', 'Maple', 'Creek', 'Drive', 'Orlando', 'FL', '32828']",4 beds,3 baths,"2,877 sq. ft",Residental,"$525,000"
"['11013', 'Creighton', 'Drive', 'Orlando', 'FL', '32817']",4 beds,3 baths,"2,813 sq. ft",Residental,"$535,000"
"['3480', 'Benson', 'Park', 'Boulevard', 'Orlando', 'FL', '32829']",3 beds,2 baths,"1,816 sq. ft",Residental,"$469,000"
"['20529', 'Starry', 'Street', '4a', 'Orlando', 'FL', '32833']",3 beds,2 baths,"2,135 sq. ft",Residental,"$624,900"
"['209', 'Bayshore', 'Drive', 'Orlando', 'FL', '32805']",3 beds,1 bath,"1,351 sq. ft",Residental,"$237,100"
"['4518', 'Commander', 'Drive', '1928', 'Orlando', 'FL', '32822']",3 beds,2 baths,"1,253 sq. ft",Residental,"$210,000"
"['9864', 'Covent', 'Garden', 'Drive', 'Orlando', 'FL', '32827']",5 beds,4 baths,"5,760 sq. ft",Residental,"$3,300,000"
"['5750', 'Edgewater', 'Drive', 'Orlando', 'FL', '32810']",NaN,NaN,NaN,Residental,"$1,500,000"
"['10939', 'Emerald', 'Chase', 'Drive', 'Orlando', 'FL', '32836']",4 beds,5 baths,"5,248 sq. ft",Residental,"$1,000,000"
"['2100', 'Treymore', 'Drive', 'Orlando', 'FL', '32825']",4 beds,3 baths,"3,323 sq. ft",Residental,"$599,900"
"['14779', 'Grand', 'Cove', 'Drive', 'Orlando', 'FL', '32837']",5 beds,3 baths,"2,716 sq. ft",Residental,"$549,000"
"['2433', 'Dammar', 'Street', 'Orlando', 'FL', '32824']",4 beds,3 baths,"2,565 sq. ft",Residental,"$544,000"
"['3342', 'Benson', 'Park', 'Boulevard', 'Orlando', 'FL', '32829']",4 beds,2 baths,"2,246 sq. ft",Residental,"$505,000"
"['1814', 'Sand', 'Arbor', 'Circle', 'Orlando', 'FL', '32824']",4 beds,2 baths,"2,000 sq. ft",Residental,"$450,000"
"['5415', 'Los', 'Palma', 'Vista', 'Drive', 'Orlando', 'FL', '32837']",5 beds,3 baths,"2,784 sq. ft",Residental,"$675,000"
"['6024', 'Woods', 'Street', 'Orlando', 'FL', '32809']",NaN,NaN,NaN,Residental,"$600,000"
"['6741', 'Nightwind', 'Circle', 'Orlando', 'FL', '32818']",3 beds,2 baths,"1,765 sq. ft",Residental,"$459,900"
"['13006', 'Phoenix', 'Woods', 'Lane', 'Orlando', 'FL', '32824']",4 beds,2 baths,"1,854 sq. ft",Residental,"$399,999"
"['Orlando', 'FL', '32825']",4 beds,2 baths,"1,715 sq. ft",Residental,"$349,900"
"['1313', '39th', 'Street', 'Orlando', 'FL', '32839']",8 beds,5 baths,"3,600 sq. ft",Residental,"$349,900"
"['807', 'Cloyd', 'Dairy', 'Loop', 'Orlando', 'FL', '32825']",3 beds,2 baths,"1,209 sq. ft",Residental,"$320,000"
"['2508', 'Woodgate', 'Boulevard', '201', 'Orlando', 'FL', '32822']",2 beds,2 baths,930 sq. ft,Residental,"$170,000"
"['1568', 'Barkwood', 'Lane', 'Orlando', 'FL', '32828']",3 beds,2 baths,NaN,Residental,"$130,000"
"['20818', 'Sheldon', 'Street', 'Orlando', 'FL', '32833']",NaN,NaN,NaN,Residental,"$155,000"
"['9420', 'Dugard', 'Court', 'Orlando', 'FL', '32827']",4 beds,3 baths,"4,037 sq. ft",Residental,"$1,145,000"
"['7023', 'Talbot', 'Drive', 'Orlando', 'FL', '32819']",4 beds,2 baths,"1,766 sq. ft",Residental,"$575,000"
"['7023', 'Talbot', 'Drive', 'Orlando', 'FL', '32819']",4 beds,2 baths,"1,766 sq. ft",Residental,"$575,000"
"['1001', 'Carlson', 'Drive', 'Orlando', 'FL', '32804']",3 beds,1 bath,"1,446 sq. ft",Residental,"$339,900"
"['626', 'Florida', 'Street', 'Orlando', 'FL', '32806']",4 beds,3 baths,"2,305 sq. ft",Residental,"$699,000"
"['18645', 'Seaview', 'Street', 'Orlando', 'FL', '32833']",5 beds,2 baths,"2,884 sq. ft",Residental,"$575,000"
"['2644', 'Shinoak', 'Drive', 'Orlando', 'FL', '32837']",4 beds,2 baths,"2,041 sq. ft",Residental,"$565,000"
"['1000', 'Paladin', 'Court', 'Orlando', 'FL', '32812']",4 beds,2 baths,"2,958 sq. ft",Residental,"$485,000"
"['13184', 'Markowitz', 'Alley', 'Orlando', 'FL', '32827']",5 beds,3 baths,"3,415 sq. ft",Residental,"$768,713"
"['1200', 'Lake', 'Baldwin', 'Lane', 'Orlando', 'FL', '32814']",3 beds,3 baths,"2,234 sq. ft",Residental,"$750,000"
"['8301', 'Elm', 'Park', 'Drive', '6310', 'Orlando', 'FL', '32821']",1 bed,1 bath,789 sq. ft,Residental,"$195,000"
"['12433', 'Greco', 'Drive', 'Orlando', 'FL', '32824']",4 beds,3 baths,"2,338 sq. ft",Residental,"$580,500"
"['6739', 'Parson', 'Brown', 'Drive', 'Orlando', 'FL', '32819']",3 beds,2 baths,"1,741 sq. ft",Residental,"$525,000"
"['820', 'Buckwood', 'Drive', 'Orlando', 'FL', '32806']",3 beds,2 baths,"1,478 sq. ft",Residental,"$445,000"
"['16942', 'Cornerwood', 'Drive', 'Orlando', 'FL', '32820']",3 beds,2 baths,"1,632 sq. ft",Residental,"$377,000"
"['8525', 'Acoma', 'Drive', 'Orlando', 'FL', '32829']",3 beds,2 baths,"1,466 sq. ft",Residental,"$335,000"
"['2754', 'Fieldstone', 'Ct', 'Orlando', 'FL', '32839']",3 beds,2 baths,"1,492 sq. ft",Residental,"$315,000"
"['3478', 'Westchester', 'Square', 'Boulevard', '204', 'Orlando', 'FL', '32835']",3 beds,2 baths,"1,600 sq. ft",Residental,"$248,500"
"['3406', 'Soho', 'Street', '303', 'Orlando', 'FL', '32835']",1 bed,1 bath,945 sq. ft,Residental,"$155,000"
"['Peabody', 'St', 'Orlando', 'FL', '32833']",NaN,NaN,NaN,Residental,"$150,000"
"['8125', 'Resort', 'Village', 'Drive', 'Unit#', '5309', 'Orlando', 'FL', '32821']",2 beds,2 baths,"1,060 sq. ft",Residental,"$215,000"
"['3650', 'Grant', 'Boulevard', 'Orlando', 'FL', '32804']",NaN,NaN,NaN,Residental,"$595,000"
"['3632', 'Grant', 'Boulevard', 'Orlando', 'FL', '32804']",4 beds,NaN,"1,488 sq. ft",Residental,"$595,000"
"['3632', 'Grant', 'Boulevard', 'Orlando', 'FL', '32804']",4 beds,2 baths,"1,488 sq. ft",Residental,"$595,000"
"['14931', 'Faversham', 'Circle', 'Orlando', 'FL', '32826']",4 beds,2 baths,"2,547 sq. ft",Residental,"$520,000"
"['4007', 'Woodfern', 'Drive', 'C', 'Orlando', 'FL', '32839']",2 beds,2 baths,"1,211 sq. ft",Residental,"$142,900"
"['5911', 'Harrington', 'Drive', 'Orlando', 'FL', '32808']",3 beds,2 baths,"1,320 sq. ft",Residental,"$265,000"
"['12028', 'Xenia', 'Lane', 'Orlando', 'FL', '32827']",3 beds,2 baths,"1,941 sq. ft",Residental,"$650,000"
"['925', 'Mayfair', 'Circle', 'Orlando', 'FL', '32803']",4 beds,3 baths,"2,963 sq. ft",Residental,"$950,000"
"['602', 'Sweetbriar', 'Road', 'Orlando', 'FL', '32806']",4 beds,3 baths,"2,300 sq. ft",Residental,"$655,000"
"['601', 'E', 'Jackson', 'Street', 'Orlando', 'FL', '32801']",5 beds,3 baths,"5,000 sq. ft",Residental,"$3,500,000"
"['8766', 'The', 'Esplanade', '24', 'Orlando', 'FL', '32836']",4 beds,3 baths,"3,012 sq. ft",Residental,"$675,000"
"['9542', 'Heron', 'Pointe', 'Drive', 'Orlando', 'FL', '32832']",6 beds,2 baths,"2,682 sq. ft",Residental,"$597,000"
"['7027', 'Ardis', 'Street', 'Orlando', 'FL', '32835']",4 beds,3 baths,"3,562 sq. ft",Residental,"$499,000"
"['10119', 'Malpas', 'Point', 'Orlando', 'FL', '32832']",5 beds,3 baths,"3,706 sq. ft",Residental,"$949,500"
"['7903', 'Palmdale', 'Drive', 'Orlando', 'FL', '32819']",3 beds,2 baths,"2,776 sq. ft",Residental,"$699,990"
"['5425', 'Simpson', 'Road', 'Orlando', 'FL', '32824']",NaN,NaN,NaN,Residental,"$599,000"
"['4360', 'Conroy', 'Club', 'Drive', 'Orlando', 'FL', '32835']",4 beds,3 baths,"2,534 sq. ft",Residental,"$598,000"
"['9946', 'Bennington', 'Chase', 'Drive', 'Orlando', 'FL', '32829']",5 beds,3 baths,"2,754 sq. ft",Residental,"$493,000"
"['2856', 'Abalone', 'Boulevard', 'Orlando', 'FL', '32833']",3 beds,2 baths,"1,911 sq. ft",Residental,"$432,000"
"['3245', 'Escondido', 'Drive', 'Orlando', 'FL', '32827']",4 beds,2 baths,"1,920 sq. ft",Residental,"$385,000"
"['1431', 'S', 'Chickasaw', 'Trail', '8', 'Orlando', 'FL', '32825']",3 beds,2 baths,"1,642 sq. ft",Residental,"$328,000"
"['3431', 'Fitzgerald', 'Drive', 'Orlando', 'FL', '32805']",4 beds,2 baths,"2,134 sq. ft",Residental,"$310,000"
"['4010', 'Dolomite', 'Street', 'A-6', 'Orlando', 'FL', '32839']",1 bed,1 bath,762 sq. ft,Residental,"$115,000"
"['Orlando', 'FL', '32833']",NaN,NaN,NaN,Residental,"$175,000"
"['9180', 'Sloane', 'Street', 'Orlando', 'FL', '32827']",NaN,NaN,NaN,Residental,"$3,000,000"
"['8918', 'Tavistock', 'Lakes', 'Boulevard', 'Orlando', 'FL', '32827']",5 beds,3 baths,"2,476 sq. ft",Residental,"$759,900"
"['3024', 'San', 'Leo', 'Drive', 'Orlando', 'FL', '32820']",5 beds,3 baths,"3,261 sq. ft",Residental,"$674,900"
"['12538', 'Floridays', 'Resort', 'Drive', '212-c', 'Orlando', 'FL', '32821']",3 beds,2 baths,"1,200 sq. ft",Residental,"$299,950"
"['4432', 'Watch', 'Hill', 'Road', 'Orlando', 'FL', '32808']",3 beds,2 baths,"1,275 sq. ft",Residental,"$299,000"
"['136', 'Leggett', 'Alley', 'Orlando', 'FL', '32827']",5 beds,4 baths,"3,103 sq. ft",Residental,"$750,379"
"['124', 'Peebles', 'Street', 'Orlando', 'FL', '32827']",4 beds,2 baths,"3,400 sq. ft",Residental,"$660,990"
"['144', 'Marconi', 'Street', 'Orlando', 'FL', '32827']",3 beds,2 baths,"1,976 sq. ft",Residental,"$645,990"
"['4247', 'Shackelford', 'Court', 'Orlando', 'FL', '32824']",3 beds,2 baths,"1,667 sq. ft",Residental,"$430,000"
"['1315', 'Creekbottom', 'Circle', 'Orlando', 'FL', '32825']",3 beds,2 baths,"1,473 sq. ft",Residental,"$272,600"
"['8820', 'Bay', 'Villa', 'Court', 'Orlando', 'FL', '32836']",4 beds,3 baths,"3,711 sq. ft",Residental,"$1,178,000"
"['26', 'Mcmillian', 'Drive', 'Orlando', 'FL', '32827']",5 beds,4 baths,"3,518 sq. ft",Residental,"$901,772"
"['9235', 'Sweet', 'Maple', 'Avenue', 'Orlando', 'FL', '32832']",3 beds,2 baths,"1,678 sq. ft",Residental,"$388,000"
"['204', 'E', 'South', 'Street', '5054', 'Orlando', 'FL', '32801']",1 bed,1 bath,739 sq. ft,Residental,"$188,000"
"['Sabal', 'Street', 'Orlando', 'FL', '32833']",NaN,NaN,NaN,Residental,"$115,000"
"['32', 'W', 'Steele', 'Street', 'Orlando', 'FL', '32804']",5 beds,3 baths,"3,164 sq. ft",Residental,"$1,390,000"
"['4427', 'Elderberry', 'Drive', 'Orlando', 'FL', '32809']",3 beds,1 bath,"1,151 sq. ft",Residental,"$330,000"
"['715', 'Palmera', 'Street', 'Orlando', 'FL', '32811']",3 beds,2 baths,"1,476 sq. ft",Residental,"$295,000"
"['5550', 'E', 'Michigan', 'Street', '3201', 'Orlando', 'FL', '32822']",3 beds,2 baths,"1,194 sq. ft",Residental,"$275,000"
"['3446', 'Soho', 'Street', '301', 'Orlando', 'FL', '32835']",2 beds,2 baths,"1,107 sq. ft",Residental,"$229,900"
"['9337', 'Royal', 'Estates', 'Boulevard', 'Orlando', 'FL', '32836']",5 beds,4 baths,"3,135 sq. ft",Residental,"$749,900"
"['14220', 'Castlerock', 'Drive', 'Orlando', 'FL', '32828']",4 beds,2 baths,"1,912 sq. ft",Residental,"$439,000"
"['2960', 'S', 'Semoran', 'Boulevard', '1503', 'Orlando', 'FL', '32822']",2 beds,2 baths,889 sq. ft,Residental,"$85,000"
"['0', 'Hargrave', 'Street', 'Orlando', 'FL', '32803']",NaN,NaN,NaN,Residental,"$145,000"
"['210', 'Hibiscus', 'Court', 'Orlando', 'FL', '32801']",3 beds,2 baths,"2,049 sq. ft",Residental,"$699,000"
"['127', 'Banfield', 'Place', 'Orlando', 'FL', '32827']",4 beds,3 baths,"3,199 sq. ft",Residental,"$771,179"
"['152', 'Blueleaf', 'Street', 'Orlando', 'FL', '32827']",4 beds,3 baths,"2,920 sq. ft",Residental,"$756,978"
"['19342', 'Banfield', 'Place', 'Orlando', 'FL', '32827']",4 beds,2 baths,"2,712 sq. ft",Residental,"$747,394"
"['714', 'Cordova', 'Drive', 'Orlando', 'FL', '32804']",NaN,NaN,NaN,Residental,"$799,000"
"['18851', 'Rawson', 'Street', 'Orlando', 'FL', '32827']",4 beds,3 baths,"2,235 sq. ft",Residental,"$696,391"
"['205', 'Emory', 'Place', 'Orlando', 'FL', '32804']",4 beds,3 baths,"2,963 sq. ft",Residental,"$975,000"
"['5913', 'Edgerton', 'Avenue', 'Orlando', 'FL', '32833']",NaN,NaN,NaN,Residental,"$160,000"
"['Willesdom', 'Street', 'Orlando', 'FL', '32833']",NaN,NaN,NaN,Residental,"$149,000"
"['Ralston', 'Street', 'Orlando', 'FL', '32833']",NaN,NaN,NaN,Residental,"$159,900"
"['Dallas', 'Boulevard', 'Orlando', 'FL', '32833']",NaN,NaN,NaN,Residental,"$144,900"
"['Lot', '6', 'Bancroft', 'Boulevard', 'Orlando', 'FL', '32833']",NaN,NaN,NaN,Residental,"$134,900"
"['108', 'Allium', 'Place', 'Orlando', 'FL', '32827']",4 beds,3 baths,"2,688 sq. ft",Residental,"$691,284"
"['83', 'W', 'Harding', 'Street', 'Orlando', 'FL', '32806']",3 beds,2 baths,"1,796 sq. ft",Residental,"$529,900"
"['2409', 'Winston', 'Avenue', 'Orlando', 'FL', '32810']",NaN,NaN,"1,349 sq. ft",Residental,"$400,000"
"['2426', 'River', 'Rise', 'Court', 'Orlando', 'FL', '32828']",5 beds,3 baths,"3,328 sq. ft",Residental,"$895,000"
"['640', 'Grand', 'Street', 'Orlando', 'FL', '32805']",2 beds,1 bath,722 sq. ft,Residental,"$180,000"
"['2717', 'Maitland', 'Crossing', 'Way', '207', 'Orlando', 'FL', '32810']",2 beds,2 baths,"1,064 sq. ft",Residental,"$369,000"
"['2314', 'Midtown', 'Terrace', '1136', 'Orlando', 'FL', '32839']",1 bed,1 bath,770 sq. ft,Residental,"$169,990"
"['2314', 'Midtown', 'Terrace', '1136', 'Orlando', 'FL', '32839']",1 bed,1 bath,770 sq. ft,Residental,"$169,990"
"['4038', 'Shorecrest', 'Drive', 'Orlando', 'FL', '32804']",3 beds,3 baths,"2,471 sq. ft",Residental,"$1,100,000"
"['174', 'Rawson', 'Street', 'Orlando', 'FL', '32827']",4 beds,3 baths,"2,843 sq. ft",Residental,"$698,524"
"['7220', 'Westpointe', 'Boulevard', '1427', 'Orlando', 'FL', '32835']",3 beds,2 baths,"1,466 sq. ft",Residental,"$252,500"
"['7220', 'Westpointe', 'Boulevard', '1427', 'Orlando', 'FL', '32835']",3 beds,2 baths,"1,466 sq. ft",Residental,"$252,500"
"['8125', 'Resort', 'Village', 'Drive', '51009', 'Orlando', 'FL', '32821']",2 beds,2 baths,"1,060 sq. ft",Residental,"$248,000"
"['1502', 'Sawyerwood', 'Avenue', 'Orlando', 'FL', '32809']",3 beds,2 baths,"1,553 sq. ft",Residental,"$399,510"
"['3209', 'Parkchester', 'Square', 'Boulevard', '307', 'Orlando', 'FL', '32835']",3 beds,2 baths,"1,260 sq. ft",Residental,"$255,000"
"['9923', 'Pearson', 'Orlando', 'FL', '32827']",4 beds,3 baths,"2,328 sq. ft",Residental,"$805,150"
"['9955', 'Pearson', 'Orlando', 'FL', '32827']",3 beds,2 baths,"1,788 sq. ft",Residental,"$639,187"
"['3721', 'S', 'Fern', 'Creek', 'Avenue', 'Orlando', 'FL', '32806']",3 beds,1 bath,"1,424 sq. ft",Residental,"$349,900"
"['13121', 'Mcmillian', 'Drive', 'Orlando', 'FL', '32827']",4 beds,3 baths,"2,883 sq. ft",Residental,"$792,581"
"['4157', 'Grande', 'Brick', 'Loop', '18', 'Orlando', 'FL', '32837']",4 beds,4 baths,"3,239 sq. ft",Residental,"$2,573,970"
"['4175', 'Grande', 'Brick', 'Loop', '21', 'Orlando', 'FL', '32837']",4 beds,4 baths,"3,239 sq. ft",Residental,"$2,569,875"
"['13127', 'Mcmillian', 'Drive', 'Orlando', 'FL', '32827']",5 beds,3 baths,"3,060 sq. ft",Residental,"$826,529"
"['1419', 'Selma', 'Avenue', 'Orlando', 'FL', '32825']",4 beds,2 baths,"1,873 sq. ft",Residental,"$480,000"
"['9627', '3rd', 'Avenue', 'Orlando', 'FL', '32824']",3 beds,2 baths,"1,200 sq. ft",Residental,"$175,000"
"['International', 'Drive', 'Orlando', 'FL', '32821']",NaN,NaN,NaN,Residental,"$320,000"
"['924', 'Citrus', 'Street', 'Orlando', 'FL', '32805']",3 beds,1 bath,850 sq. ft,Residental,"$230,000"
"['10489', 'Cromwell', 'Grove', 'Terrace', 'Orlando', 'FL', '32827']",4 beds,4 baths,"4,764 sq. ft",Residental,"$3,600,000"
"['13109', 'Mcmillian', 'Drive', 'Orlando', 'FL', '32827']",4 beds,3 baths,"2,883 sq. ft",Residental,"$778,869"
"['76', 'Rawson', 'Street', 'Orlando', 'FL', '32827']",4 beds,2 baths,"2,235 sq. ft",Residental,"$637,189"
"['1990', 'Warwick', 'Hills', 'Dr.', '1101', 'Orlando', 'FL', '32826']",3 beds,2 baths,NaN,Residental,"$169,900"
"['3217', 'Lake', 'Twylo', 'Rd', 'Orlando', 'FL', '32817']",NaN,NaN,NaN,Residental,"$150,000"
"['1936', 'Mccoy', 'Road', 'Belle', 'Isle', 'FL', '32809']",NaN,NaN,NaN,Residental,"$995,000"
"['2400', 'Caribbean', 'Court', 'Orlando', 'FL', '32805']",4 beds,3 baths,"2,315 sq. ft",Residental,"$486,000"
"['Quinn', 'Street', 'Unit', '3A', 'Orlando', 'FL', '32833']",NaN,NaN,NaN,Residental,"$59,900"
"['Old', 'Winter', 'Garden', 'Rd', 'Road', 'Orlando', 'FL', '32835']",NaN,NaN,NaN,Residental,"$550,000"
"['9214', 'Bayway', 'Drive', 'Orlando', 'FL', '32819']",4 beds,5 baths,"6,181 sq. ft",Residental,"$1,050,000"
"['Paddock', 'Street', 'Orlando', 'FL', '32833']",NaN,NaN,NaN,Residental,"$79,900"
"['4138', 'Grande', 'Brick', 'Loop', '31', 'Orlando', 'FL', '32837']",4 beds,4 baths,"3,239 sq. ft",Residental,"$2,467,000"
"['4156', 'Grande', 'Brick', 'Loop', '28', 'Orlando', 'FL', '32837']",3 beds,3 baths,"2,799 sq. ft",Residental,"$2,261,000"
"['4144', 'Grande', 'Brick', 'Loop', '30', 'Orlando', 'FL', '32837']",3 beds,3 baths,"2,799 sq. ft",Residental,"$2,209,500"
"['1215', 'S', 'Econlockhatchee', 'Trail', 'Orlando', 'FL', '32825']",5 beds,3 baths,"2,994 sq. ft",Residental,"$289,900"
"['5038', 'Benwick', 'Alley', '8a', 'Orlando', 'FL', '32814']",6 beds,5 baths,"5,402 sq. ft",Residental,"$2,300,000"
"['4126', 'Grande', 'Brick', 'Loop', '33', 'Orlando', 'FL', '32837']",3 beds,3 baths,"2,799 sq. ft",Residental,"$2,209,500"
"['9150', 'Waverly', 'Walk', 'Drive', 'Orlando', 'FL', '32817']",4 beds,2 baths,"2,783 sq. ft",Residental,"$599,990"
"['10914', 'History', 'Avenue', 'Plan:', 'Peabody', 'Orlando', 'FL', '32832']",5 beds,3 baths,"3,288 sq. ft",Residental,"$593,990"
"['13599', 'Larkton', 'Lane', '13599', 'Orlando', 'FL', '32832']",3 beds,2 baths,NaN,Residental,"$550,000"
"['10914', 'History', 'Avenue', 'Plan:', 'Provincetown', 'II', 'Orlando', 'FL', '32832']",4 beds,2 baths,"2,995 sq. ft",Residental,"$549,990"
"['4454', 'Harbour', 'Lights', 'Ct', 'Orlando', 'FL', '32817']",3 beds,2 baths,NaN,Residental,"$549,900"
"['10914', 'History', 'Avenue', 'Plan:', 'Greythorne', 'Orlando', 'FL', '32832']",4 beds,2 baths,"2,385 sq. ft",Residental,"$532,990"
"['11169', 'Lore', 'Way', 'Orlando', 'FL', '32832']",5 beds,3 baths,"2,634 sq. ft",Residental,"$513,835"
