Title,Beds,Baths,Square Feet,Property Title,Listing Price
"['11859', 'GENNARO', 'LANE,', 'Orlando,', 'FL', '32827']",3 BedsBds,2 BathsBa,"2,005 SqftSqft",Residential,"$649,000 USD"
"['151', 'E', 'WASHINGTON', 'STREET,', 'Orlando,', 'FL', '32801']",2 BedsBds,2 BathsBa,"1,785 SqftSqft",Residential,"$499,000 USD"
"['7240', 'WESTPOINTE', 'BOULEVARD,', 'Orlando,', 'FL', '32835']",3 BedsBds,2 BathsBa,"1,423 SqftSqft",Residential,"$240,000 USD"
"['100', 'S', 'EOLA', 'DRIVE,', 'Orlando,', 'FL', '32801']",3 BedsBds,3 BathsBa,"2,475 SqftSqft",Residential,"$750,000 USD"
"['3446', 'SOHO', 'STREET,', 'Orlando,', 'FL', '32835']",2 BedsBds,2 BathsBa,"1,107 SqftSqft",Residential,"$229,900 USD"
"['3442-3462', 'N', 'OLD', 'WINTER', 'GARDEN', 'RD,', 'Orlando,', 'FL', '34734']",NaN,NaN,NaN,Lots And Land,"$1,450,000 USD"
"['3314', 'ROBERT', 'TRENT', 'JONES', 'DRIVE,', 'Orlando,', 'FL', '32835']",2 BedsBds,2 BathsBa,"1,447 SqftSqft",Residential,"$280,000 USD"
"['2810', 'Wagon', 'Wheel', 'Circle,', 'Orlando,', 'FL', '32822']",3 BedsBds,3 BathsBa,"1,464 SqftSqft",Other,"$45,000 USD"
"['3619', 'WINDING', 'LAKE', 'CIRCLE,', 'Orlando,', 'FL', '32835']",4 BedsBds,5 BathsBa,"3,414 SqftSqft",Residential,"$850,000 USD"
"['4508', 'KIRKLAND', 'BOULEVARD,', 'Orlando,', 'FL', '32811']",3 BedsBds,2 BathsBa,"1,220 SqftSqft",Residential,"$230,000 USD"
"['15', 'N', 'HAMPTON,', 'Orlando,', 'FL', '32803']",4 BedsBds,3 BathsBa,"1,882 SqftSqft",Residential,"$680,000 USD"
"['1741', 'BUNKERHILL', 'COURT,', 'Orlando,', 'FL', '32807']",2 BedsBds,2 BathsBa,"1,018 SqftSqft",Residential,"$195,000 USD"
"['4555', 'WATCH', 'HILL', 'ROAD,', 'Orlando,', 'FL', '32808']",3 BedsBds,2 BathsBa,"1,020 SqftSqft",Residential,"$275,000 USD"
"['968', 'BURNS', 'STREET,', 'Orlando,', 'FL', '32803']",3 BedsBds,2 BathsBa,"1,822 SqftSqft",Residential,"$475,000 USD"
"['809', 'COLUMBIA', 'STREET,', 'Orlando,', 'FL', '32805']",3 BedsBds,1 BathBa,"1,003 SqftSqft",Residential,"$219,900 USD"
"['621', 'CATHCART', 'AVENUE,', 'Orlando,', 'FL', '32803']",2 BedsBds,2 BathsBa,"1,160 SqftSqft",Residential,"$294,000 USD"
"['105', 'DUDLEY', 'STREET,', 'Orlando,', 'FL', '32805']",2 BedsBds,2 BathsBa,"1,072 SqftSqft",Residential,"$200,000 USD"
"['911', 'YATES', 'STREET,', 'Orlando,', 'FL', '32804']",3 BedsBds,2 BathsBa,"1,351 SqftSqft",Residential,"$399,900 USD"
"['2505', 'HOMELAND', 'ST,', 'Orlando,', 'FL', '32806']",3 BedsBds,2 BathsBa,"1,124 SqftSqft",Residential,"$350,000 USD"
"['2819', 'Holster', 'Way,', 'Orlando,', 'FL', '32822']",3 BedsBds,2 BathsBa,980 SqftSqft,Other,"$47,900 USD"
"['7516', 'TOSCANA', 'BOULEVARD,', 'Orlando,', 'FL', '32819']",3 BedsBds,2 BathsBa,"2,030 SqftSqft",Residential,"$499,000 USD             66K"
"['1318', 'NOBLE', 'PLACE,', 'Orlando,', 'FL', '32801']",3 BedsBds,3 BathsBa,"1,493 SqftSqft",Residential,"$525,000 USD"
"['1638', 'MOUNT', 'VERNON', 'STREET,', 'Orlando,', 'FL', '32803']",3 BedsBds,2 BathsBa,"1,316 SqftSqft",Residential,"$514,900 USD"
"['4569', 'LIGHTHOUSE', 'CIRCLE,', 'Orlando,', 'FL', '32808']",2 BedsBds,2 BathsBa,"1,027 SqftSqft",Residential,"$160,000 USD"
"['3014', 'Kilgore', 'Street', ',', 'Orlando,', 'FL', '32803']",3 BedsBds,2.5 BathsBa,"1,960 SqftSqft",Townhouse,"$449,000 USD"
"['3403', 'GREENWICH', 'VILLAGE', 'BOULEVARD,', 'Orlando,', 'FL', '32835']",2 BedsBds,2 BathsBa,"1,160 SqftSqft",Residential,"$245,000 USD"
"['3415', 'CHERRY', 'LANE,', 'Orlando,', 'FL', '32808']",2 BedsBds,2 BathsBa,"1,158 SqftSqft",Residential,"$255,000 USD"
"['1017', 'S', 'HIAWASSEE', 'ROAD,', 'Orlando,', 'FL', '32835']",1 BedBd,1 BathBa,673 SqftSqft,Residential,"$155,000 USD"
"['2750', 'Wild', 'Horse', 'Road,', 'Orlando,', 'FL', '32822']",3 BedsBds,2 BathsBa,"1,550 SqftSqft",Other,"$115,000 USD"
"['9738', 'OLD', 'PATINA', 'WAY,', 'Orlando,', 'FL', '32832']",3 BedsBds,3 BathsBa,"2,533 SqftSqft",Residential,"$499,990 USD"
"['3789', 'ATRIUM', 'DRIVE,', 'Orlando,', 'FL', '32822']",2 BedsBds,2 BathsBa,820 SqftSqft,Residential,"$205,000 USD"
"['317', 'E', 'JERSEY', 'STREET,', 'Orlando,', 'FL', '32806']",3 BedsBds,2 BathsBa,"1,561 SqftSqft",Residential,"$424,900 USD"
"['811', '-', '815', '18TH', 'STREET,', 'Orlando,', 'FL', '32805']",4 BedsBds,NaN,"1,552 SqftSqft",MultiFamily,"$299,990 USD"
"['1305', 'Bennett', 'Rd.', ',', 'Orlando,', 'FL', '32814']",3 BedsBds,2.5 BathsBa,"2,531 SqftSqft",Single-Family Home,"$760,000 USD"
"['4401', 'REAL', 'COURT,', 'Orlando,', 'FL', '32808']",4 BedsBds,4 BathsBa,"2,955 SqftSqft",Residential,"$440,000 USD"
"['2787', 'L', 'B', 'MCLEOD', 'ROAD,', 'Orlando,', 'FL', '32805']",1 BedBd,1 BathBa,780 SqftSqft,Residential,"$79,900 USD"
"['938', 'S', 'BUMBY', 'AVENUE,', 'Orlando,', 'FL', '32806']",4 BedsBds,3 BathsBa,"1,841 SqftSqft",Residential,"$450,000 USD"
"['6648', 'TIME', 'SQUARE', 'AVENUE,', 'Orlando,', 'FL', '32835']",2 BedsBds,3 BathsBa,"1,548 SqftSqft",Residential,"$260,000 USD"
"['1617', 'BREN', 'LEE', 'COURT,', 'Orlando,', 'FL', '32805']",3 BedsBds,2 BathsBa,"1,357 SqftSqft",Residential,"$246,000 USD"
"['3187', 'Azolla', 'St', ',', 'Orlando,', 'FL', '32808']",3 BedsBds,2.5 BathsBa,NaN,Townhouse,"$349,900 USD"
"['4200', 'THORNBRIAR', 'LANE,', 'Orlando,', 'FL', '32822']",2 BedsBds,2 BathsBa,"1,000 SqftSqft",Residential,"$170,000 USD"
"['1614', 'ROOSEVELT', 'AVENUE,', 'Orlando,', 'FL', '32804']",2 BedsBds,1 BathBa,"1,026 SqftSqft",Residential,"$362,000 USD"
"['1734', 'VALLEY', 'FORGE', 'ROAD,', 'Orlando,', 'FL', '32806']",4 BedsBds,2 BathsBa,"2,000 SqftSqft",Residential,"$565,000 USD"
"['5206', 'MYSTIC', 'POINT', 'COURT,', 'Orlando,', 'FL', '32812']",4 BedsBds,2 BathsBa,"1,851 SqftSqft",Residential,"$449,000 USD"
"['3851', 'ATRIUM,', 'Orlando,', 'FL', '32822']",2 BedsBds,2 BathsBa,820 SqftSqft,Residential,"$188,000 USD"
"['10358', 'MARCONI', 'AVENUE,', 'Orlando,', 'FL', '32832']",3 BedsBds,3 BathsBa,"2,411 SqftSqft",Residential,"$731,450 USD"
"['1422', 'MAURY', 'ROAD,', 'Orlando,', 'FL', '32804']",3 BedsBds,2 BathsBa,"1,655 SqftSqft",Residential,"$495,000 USD"
"['8634', 'FARTHINGTON', 'WAY,', 'Orlando,', 'FL', '32827']",5 BedsBds,6 BathsBa,"5,129 SqftSqft",Residential,"$2,750,000 USD"
"['3187', 'AZOLLA', 'STREET,', 'Orlando,', 'FL', '32808']",3 BedsBds,3 BathsBa,"1,594 SqftSqft",Residential,"$349,900 USD"
"['10262', 'CHILTERN', 'GARDEN', 'DRIVE,', 'Orlando,', 'FL', '32827']",3 BedsBds,4 BathsBa,"2,486 SqftSqft",Residential,"$1,650,000 USD"
"['900', 'ARLINGTON', 'STREET,', 'Orlando,', 'FL', '32805']",NaN,NaN,NaN,Lots And Land,"$350,000 USD             50K"
"['8704', 'Crick', 'Alley,', 'Orlando,', 'FL', '32832']",4 BedsBds,4 BathsBa,"2,758 SqftSqft",Residential,"$667,990 USD"
"['1907', 'ILLINOIS', 'STREET,', 'Orlando,', 'FL', '32803']",5 BedsBds,4 BathsBa,"2,848 SqftSqft",Residential,"$1,200,000 USD"
"['4600', 'ARCIE', 'STREET,', 'Orlando,', 'FL', '32812']",3 BedsBds,2 BathsBa,"1,792 SqftSqft",Residential,"$399,000 USD"
"['5978', 'BRAEMAR', 'PLACE,', 'Orlando,', 'FL', '32822']",2 BedsBds,3 BathsBa,"1,260 SqftSqft",Residential,"$265,000 USD"
"['10262', 'CHILTERN', 'GARDEN', 'DRIVE,', 'Orlando,', 'FL', '32827']",3 BedsBds,4 BathsBa,"2,486 SqftSqft",Residential,"$1,650,000 USD"
"['10340', 'MARCONI', 'AVENUE,', 'Orlando,', 'FL', '32832']",4 BedsBds,4 BathsBa,"2,247 SqftSqft",Residential,"$659,554 USD             96K"
"['1819', 'COMMON', 'WAY', 'ROAD,', 'Orlando,', 'FL', '32814']",3 BedsBds,2 BathsBa,"1,801 SqftSqft",Residential,"$570,000 USD"
"['9224', 'SWEET', 'MAPLE', 'AVE,', 'Orlando,', 'FL', '32832']",3 BedsBds,3 BathsBa,"1,519 SqftSqft",Residential,"$350,000 USD"
"['12959', 'GABOR', 'AVENUE,', 'Orlando,', 'FL', '32832']",3 BedsBds,4 BathsBa,"2,241 SqftSqft",Residential,"$669,000 USD"
"['1417', '22ND', 'STREET,', 'Orlando,', 'FL', '32805']",2 BedsBds,1 BathBa,"1,058 SqftSqft",Residential,"$119,900 USD             40K"
"['4020', 'Ibis', 'Dr.', 'Orlando,', 'Orlando,', 'FL', '32803']",4 BedsBds,3 BathsBa,NaN,Single-Family Home,"$530,000 USD"
"['3277', 'WESTRIDGE', 'BOULEVARD,', 'Orlando,', 'FL', '32822']",2 BedsBds,2 BathsBa,934 SqftSqft,Residential,"$230,000 USD"
"['3314', 'ROBERT', 'TRENT', 'JONES', 'DRIVE,', 'Orlando,', 'FL', '32835']",3 BedsBds,2 BathsBa,"1,391 SqftSqft",Residential,"$265,000 USD"
"['7395', 'UNIVERSAL', 'BOULEVARD,', 'Orlando,', 'FL', '32819']",2 BedsBds,2 BathsBa,"1,056 SqftSqft",Residential,"$299,900 USD"
"['3338', 'ROBERT', 'TRENT', 'JONES', 'DRIVE,', 'Orlando,', 'FL', '32835']",3 BedsBds,2 BathsBa,"1,247 SqftSqft",Residential,"$265,000 USD             55K"
"['155', 'S', 'COURT', 'AVENUE,', 'Orlando,', 'FL', '32801']",1 BedBd,1 BathBa,804 SqftSqft,Residential,"$298,925 USD"
"['568', 'S', 'OSCEOLA', 'AVENUE,', 'Orlando,', 'FL', '32801']",2 BedsBds,3 BathsBa,"1,657 SqftSqft",Residential,"$375,000 USD"
"['10514', 'GREEN', 'IVY', 'LANE,', 'Orlando,', 'FL', '32832']",3 BedsBds,2 BathsBa,"2,274 SqftSqft",Residential,"$455,000 USD"
"['7027', 'ARDIS', 'STREET,', 'Orlando,', 'FL', '32835']",4 BedsBds,5 BathsBa,"3,562 SqftSqft",Residential,"$499,000 USD"
"['5198', 'ADAIR', 'OAK', 'DRIVE,', 'Orlando,', 'FL', '32829']",5 BedsBds,3 BathsBa,"3,292 SqftSqft",Residential,"$589,000 USD"
"['2042', 'GATLIN', 'AVENUE,', 'Orlando,', 'FL', '32806']",2 BedsBds,3 BathsBa,"2,975 SqftSqft",Residential,"$1,050,000 USD"
"['552', 'Buckminster', 'Circle', ',', 'Orlando,', 'FL', '32803']",3 BedsBds,2 BathsBa,"1,341 SqftSqft",Single-Family Home,"$504,900 USD"
"['13563', 'GRANGER', 'AVENUE,', 'Orlando,', 'FL', '32832']",3 BedsBds,4 BathsBa,"2,584 SqftSqft",Residential,"$734,900 USD"
"['2732', 'WALNUT', 'STREET,', 'Orlando,', 'FL', '32806']",3 BedsBds,2 BathsBa,"1,340 SqftSqft",Residential,"$499,900 USD"
"['14169', 'WALCOTT', 'AVENUE,', 'Orlando,', 'FL', '32832']",3 BedsBds,3 BathsBa,"1,691 SqftSqft",Residential,"$479,900 USD"
"['9922', 'RODBELL', 'STREET,', 'Orlando,', 'FL', '32832']",4 BedsBds,4 BathsBa,"2,328 SqftSqft",Residential,"$724,564 USD"
"['2314', 'W', 'SOUTH', 'STREET,', 'Orlando,', 'FL', '32805']",NaN,NaN,NaN,Lots And Land,"$275,000 USD"
"['526', 'E', 'ESTHER', 'STREET,', 'Orlando,', 'FL', '32806']",3 BedsBds,2 BathsBa,"1,184 SqftSqft",Residential,"$385,000 USD"
"['13121', 'MCMILLIAN', 'DRIVE,', 'Orlando,', 'FL', '32832']",4 BedsBds,3 BathsBa,"2,883 SqftSqft",Residential,"$792,581 USD"
"['155', 'S', 'COURT', 'AVENUE,', 'Orlando,', 'FL', '32801']",1 BedBd,1 BathBa,729 SqftSqft,Residential,"$285,000 USD"
"['6518', 'HIDDEN', 'BEACH', 'CIRCLE,', 'Orlando,', 'FL', '32819']",3 BedsBds,2 BathsBa,"2,136 SqftSqft",Residential,"$518,000 USD"
"['3799', 'ATRIUM', 'DRIVE,', 'Orlando,', 'FL', '32822']",2 BedsBds,2 BathsBa,820 SqftSqft,Residential,"$188,500 USD"
"['9803', 'SWEETLEAF', 'STREET,', 'Orlando,', 'FL', '32827']",4 BedsBds,3 BathsBa,"2,628 SqftSqft",Residential,"$750,000 USD"
"['706', 'BRAIDWOOD', 'LANE,', 'Orlando,', 'FL', '32803']",3 BedsBds,2 BathsBa,"1,651 SqftSqft",Residential,"$439,900 USD"
"['5138', 'BRENDA', 'DRIVE,', 'Orlando,', 'FL', '32812']",3 BedsBds,2 BathsBa,"1,554 SqftSqft",Residential,"$365,000 USD"
"['3215', 'HELEN', 'AVENUE,', 'Orlando,', 'FL', '32804']",3 BedsBds,2 BathsBa,"2,045 SqftSqft",Residential,"$629,000 USD"
"['9928', 'RODBELL', 'STREET,', 'Orlando,', 'FL', '32832']",3 BedsBds,3 BathsBa,"1,788 SqftSqft",Residential,"$750,068 USD"
"['2705', 'GULFSTREAM', 'ROAD,', 'Orlando,', 'FL', '32805']",3 BedsBds,2 BathsBa,"1,633 SqftSqft",Residential,"$402,000 USD"
"['6263', 'HOFFNER', 'AVENUE,', 'Orlando,', 'FL', '32822']",8 BedsBds,5 BathsBa,"4,509 SqftSqft",Residential,"$800,000 USD"
"['9029', 'LAKE', 'AVON', 'DRIVE,', 'Orlando,', 'FL', '32829']",5 BedsBds,3 BathsBa,"2,998 SqftSqft",Residential,"$599,900 USD"
"['3129', 'EAGLE', 'BOULEVARD,', 'Orlando,', 'FL', '32804']",3 BedsBds,2 BathsBa,"1,073 SqftSqft",Residential,"$325,000 USD"
"['3338', 'ROBERT', 'TRENT', 'JONES', 'DRIVE,', 'Orlando,', 'FL', '32835']",3 BedsBds,2 BathsBa,"1,247 SqftSqft",Residential,"$265,000 USD             55K"
"['2801', 'E', 'CENTRAL', 'BOULEVARD,', 'Orlando,', 'FL', '32803']",6 BedsBds,NaN,"2,172 SqftSqft",MultiFamily,"$599,900 USD"
"['8273', 'WILSON', 'TERRACE,', 'Orlando,', 'FL', '32819']",4 BedsBds,3 BathsBa,"4,110 SqftSqft",Residential,"$725,000 USD"
"['6263', 'HOFFNER', 'AVENUE,', 'Orlando,', 'FL', '32822']",8 BedsBds,5 BathsBa,"4,509 SqftSqft",Residential,"$800,000 USD"
"['7315', 'WINDHAM', 'HARBOUR', 'AVENUE,', 'Orlando,', 'FL', '32829']",5 BedsBds,3 BathsBa,"3,194 SqftSqft",Residential,"$590,000 USD"
"['2753', 'L', 'B', 'MCLEOD', 'ROAD,', 'Orlando,', 'FL', '32805']",2 BedsBds,2 BathsBa,992 SqftSqft,Residential,"$95,000 USD"
"['109', 'N', 'HASTINGS', 'STREET,', 'Orlando,', 'FL', '32811']",NaN,NaN,NaN,Lots And Land,"$60,000 USD"
"['2301', 'OAK', 'PARK', 'WAY,', 'Orlando,', 'FL', '32822']",2 BedsBds,2 BathsBa,953 SqftSqft,Residential,"$190,000 USD"
"['2564', 'ROBERT', 'TRENT', 'JONES', 'DRIVE,', 'Orlando,', 'FL', '32835']",2 BedsBds,2 BathsBa,"1,014 SqftSqft",Residential,"$169,000 USD"
"['813', 'MOROCCO', 'AVENUE,', 'Orlando,', 'FL', '32807']",3 BedsBds,2 BathsBa,"1,508 SqftSqft",Residential,"$395,900 USD"
"['14161', 'Walcott', 'Avenue,', 'Orlando,', 'FL', '32832']",3 BedsBds,3 BathsBa,"1,791 SqftSqft",Residential,"$509,000 USD"
"['525', 'CONWAY', 'ROAD,', 'Orlando,', 'FL', '32807']",2 BedsBds,1 BathBa,965 SqftSqft,Residential,"$165,000 USD"
"['6923', 'CASTILLO', 'COURT,', 'Orlando,', 'FL', '32822']",2 BedsBds,2 BathsBa,"1,302 SqftSqft",Residential,"$119,900 USD"
"['11754', 'BARLETTA', 'DRIVE,', 'Orlando,', 'FL', '32827']",3 BedsBds,2 BathsBa,"2,211 SqftSqft",Residential,"$575,000 USD"
"['2875', 'STANFIELD', 'AVENUE,', 'Orlando,', 'FL', '32814']",4 BedsBds,4 BathsBa,"2,794 SqftSqft",Residential,"$889,000 USD"
"['12016', 'LORENZA', 'LANE,', 'Orlando,', 'FL', '32827']",4 BedsBds,3 BathsBa,"1,994 SqftSqft",Residential,"$510,000 USD"
"['5132', 'CONROY', 'ROAD,', 'Orlando,', 'FL', '32811']",2 BedsBds,2 BathsBa,"1,028 SqftSqft",Residential,"$196,000 USD"
"['911', 'N', 'ORANGE', 'AVENUE,', 'Orlando,', 'FL', '32801']",1 BedBd,1 BathBa,763 SqftSqft,Residential,"$199,900 USD"
"['3212', 'PRICE', 'AVENUE,', 'Orlando,', 'FL', '32806']",2 BedsBds,1 BathBa,884 SqftSqft,Residential,"$200,000 USD"
"['7826', 'DAUSSET', 'STREET,', 'Orlando,', 'FL', '32832']",4 BedsBds,4 BathsBa,"2,988 SqftSqft",Residential,"$1,000,000 USD"
"['4227', 'PERSHING', 'POINTE', 'PLACE,', 'Orlando,', 'FL', '32822']",2 BedsBds,2 BathsBa,"1,006 SqftSqft",Residential,"$150,000 USD             25K"
"['8558', 'VEDDER', 'LANE,', 'Orlando,', 'FL', '32832']",3 BedsBds,3 BathsBa,"1,779 SqftSqft",Residential,"$465,000 USD"
"['5411', 'LEE', 'ANN', 'DRIVE,', 'Orlando,', 'FL', '32808']",4 BedsBds,2 BathsBa,"2,487 SqftSqft",Residential,"$515,000 USD"
"['2005', 'WINSLOW', 'DRIVE,', 'Orlando,', 'FL', '32812']",3 BedsBds,2 BathsBa,"1,252 SqftSqft",Residential,"$359,000 USD"
"['2314', 'W', 'SOUTH', 'STREET,', 'Orlando,', 'FL', '32805']",3 BedsBds,2 BathsBa,"1,440 SqftSqft",Residential,"$275,000 USD"
"['3717', 'ATRIUM', 'DRIVE,', 'Orlando,', 'FL', '32822']",2 BedsBds,2 BathsBa,820 SqftSqft,Residential,"$225,000 USD"
"['3314', 'ROBERT', 'TRENT', 'JONES', 'DRIVE,', 'Orlando,', 'FL', '32835']",2 BedsBds,2 BathsBa,"1,447 SqftSqft",Residential,"$265,000 USD"
"['13184', 'MARKOWITZ', 'ALLEY,', 'Orlando,', 'FL', '32832']",5 BedsBds,4 BathsBa,"3,415 SqftSqft",Residential,"$768,713 USD"
"['7061', 'LAKE', 'CARLISLE', 'BOULEVARD,', 'Orlando,', 'FL', '32829']",4 BedsBds,3 BathsBa,"2,657 SqftSqft",Residential,"$600,000 USD"
"['10115', 'PEARSON', 'AVENUE,', 'Orlando,', 'FL', '32832']",3 BedsBds,3 BathsBa,"2,411 SqftSqft",Residential,"$727,905 USD"
"['3375', 'BROOKWATER', 'CIRCLE,', 'Orlando,', 'FL', '32822']",4 BedsBds,2 BathsBa,"1,933 SqftSqft",Residential,"$495,000 USD"
"['9955', 'PEARSON,', 'Orlando,', 'FL', '32832']",3 BedsBds,3 BathsBa,"1,788 SqftSqft",Residential,"$639,187 USD"
"['280', 'DORSCHER', 'ROAD,', 'Orlando,', 'FL', '32835']",NaN,NaN,NaN,Lots And Land,"$375,000 USD"
"['4804', 'NORMANDY', 'PLACE', 'E,', 'Orlando,', 'FL', '32811']",2 BedsBds,2 BathsBa,"1,080 SqftSqft",Residential,"$234,999 USD"
"['6528', 'S', 'GOLDENROD', 'ROAD,', 'Orlando,', 'FL', '32822']",3 BedsBds,3 BathsBa,"1,544 SqftSqft",Residential,"$400,000 USD"
"['5132', 'CYPRESS', 'CREEK', 'DRIVE,', 'Orlando,', 'FL', '32811']",2 BedsBds,2 BathsBa,"1,215 SqftSqft",Residential,"$245,000 USD"
"['1614', 'ROOSEVELT', 'AVENUE,', 'Orlando,', 'FL', '32804']",2 BedsBds,1 BathBa,"1,026 SqftSqft",Residential,"$362,000 USD"
"['1215', 'GUNNISON', 'AVENUE,', 'Orlando,', 'FL', '32804']",3 BedsBds,2 BathsBa,"1,200 SqftSqft",Residential,"$425,000 USD"
"['8620', 'NORTHLAKE', 'PARKWAY,', 'Orlando,', 'FL', '32827']",6 BedsBds,4 BathsBa,"3,487 SqftSqft",Residential,"$875,000 USD"
"['1033', 'S', 'HIAWASSEE', 'ROAD,', 'Orlando,', 'FL', '32835']",1 BedBd,1 BathBa,627 SqftSqft,Residential,"$139,900 USD"
"['40a', 'PEARSON', 'AVENUE,', 'Orlando,', 'FL', '32832']",3 BedsBds,3 BathsBa,"2,015 SqftSqft",Residential,"$510,990 USD"
"['2501', 'LAKE', 'SHORE', 'DRIVE,', 'Orlando,', 'FL', '32803']",4 BedsBds,3 BathsBa,"3,643 SqftSqft",Residential,"$2,600,000 USD"
"['903', 'PALM', 'COVE', 'DRIVE,', 'Orlando,', 'FL', '32835']",3 BedsBds,2 BathsBa,"1,856 SqftSqft",Residential,"$519,000 USD"
"['3022', 'TROY', 'DRIVE,', 'Orlando,', 'FL', '32806']",3 BedsBds,2 BathsBa,"2,446 SqftSqft",Residential,"$925,000 USD"
"['845', 'FLORAL', 'DRIVE,', 'Orlando,', 'FL', '32803']",3 BedsBds,3 BathsBa,"1,951 SqftSqft",Residential,"$545,000 USD"
"['5931', 'PITCH', 'PINE', 'DRIVE,', 'Orlando,', 'FL', '32819']",4 BedsBds,3 BathsBa,"2,083 SqftSqft",Residential,"$535,000 USD"
"['6206', 'CASTELVEN', 'DRIVE,', 'Orlando,', 'FL', '32835']",2 BedsBds,3 BathsBa,"1,546 SqftSqft",Residential,"$310,000 USD"
"['2071', 'LISTON', 'COURT,', 'Orlando,', 'FL', '32811']",4 BedsBds,2 BathsBa,"1,300 SqftSqft",Residential,"$199,000 USD"
"['2508', 'WOODGATE', 'BOULEVARD,', 'Orlando,', 'FL', '32822']",2 BedsBds,2 BathsBa,930 SqftSqft,Residential,"$170,000 USD"
"['2849', 'Holster', 'Way,', 'Orlando,', 'FL', '32822']",2 BedsBds,2 BathsBa,900 SqftSqft,Other,"$131,500 USD"
"['1620', 'S', 'EOLA', 'DRIVE,', 'Orlando,', 'FL', '32806']",2 BedsBds,1 BathBa,964 SqftSqft,Residential,"$419,500 USD"
"['5707', 'CLEARVIEW', 'DRIVE,', 'Orlando,', 'FL', '32819']",4 BedsBds,2 BathsBa,"1,374 SqftSqft",Residential,"$405,000 USD"
"['6424', 'RALEIGH', 'STREET,', 'Orlando,', 'FL', '32835']",1 BedBd,1 BathBa,794 SqftSqft,Residential,"$185,000 USD"
"['640', 'GRAND', 'STREET,', 'Orlando,', 'FL', '32805']",2 BedsBds,1 BathBa,722 SqftSqft,Residential,"$180,000 USD"
"['113', 'N', 'HAMPTON', 'AVENUE,', 'Orlando,', 'FL', '32803']",2 BedsBds,NaN,"1,200 SqftSqft",MultiFamily,"$430,000 USD"
"['4528', 'COMMANDER', 'DRIVE,', 'Orlando,', 'FL', '32822']",3 BedsBds,2 BathsBa,"1,253 SqftSqft",Residential,"$110,000 USD"
"['1620', 'PARK', 'LAKE', 'STREET,', 'Orlando,', 'FL', '32803']",3 BedsBds,2 BathsBa,"1,275 SqftSqft",Residential,"$499,000 USD"
"['3245', 'ESCONDIDO', 'DRIVE,', 'Orlando,', 'FL', '32827']",4 BedsBds,2 BathsBa,"1,920 SqftSqft",Residential,"$385,000 USD"
"['118', 'N', 'RODBELL', 'STREET,', 'Orlando,', 'FL', '32832']",5 BedsBds,3 BathsBa,"3,460 SqftSqft",Residential,"$832,449 USD"
"['1624', 'TULANE', 'STREET,', 'Orlando,', 'FL', '32804']",3 BedsBds,2 BathsBa,"1,252 SqftSqft",Residential,"$499,900 USD"
"['3406', 'SOHO', 'STREET,', 'Orlando,', 'FL', '32835']",1 BedBd,1 BathBa,945 SqftSqft,Residential,"$155,000 USD"
"['4915', 'CARTER', 'STREET,', 'Orlando,', 'FL', '32811']",NaN,NaN,NaN,Lots And Land,"$65,000 USD"
"['2831', 'Holster', 'Way,', 'Orlando,', 'FL', '32822']",3 BedsBds,2 BathsBa,NaN,Residential,"$59,950 USD             9.9K"
"['4971', 'LONGMEADOW', 'PARK', 'STREET,', 'Orlando,', 'FL', '32811']",4 BedsBds,3 BathsBa,"2,970 SqftSqft",Residential,"$659,999 USD"
"['2509', 'ELIZABETH', 'AVENUE,', 'Orlando,', 'FL', '32804']",NaN,NaN,NaN,Lots And Land,"$550,000 USD             75K"
"['2500', 'WOODGATE', 'BOULEVARD,', 'Orlando,', 'FL', '32822']",2 BedsBds,2 BathsBa,900 SqftSqft,Residential,"$169,500 USD"
"['4482', 'BROOKE', 'STREET,', 'Orlando,', 'FL', '32811']",3 BedsBds,2 BathsBa,"1,206 SqftSqft",Residential,"$288,750 USD"
"['3118', 'S', 'SEMORAN', 'BOULEVARD,', 'Orlando,', 'FL', '32822']",2 BedsBds,2 BathsBa,966 SqftSqft,Residential,"$215,000 USD"
"['3232', 'Merton', 'Alley,', 'Orlando,', 'FL', '32808']",3 BedsBds,3 BathsBa,"1,594 SqftSqft",Residential,"$349,990 USD"
"['8704', 'Crick', 'Alley,', 'Orlando,', 'FL', '32832']",4 BedsBds,4 BathsBa,"3,404 SqftSqft",Residential,"$736,990 USD"
"['502', 'LAKE', 'COMO', 'CIRCLE,', 'Orlando,', 'FL', '32803']",4 BedsBds,3 BathsBa,"2,020 SqftSqft",Residential,"$500,000 USD"
"['10259', 'PEARSON', 'AVENUE,', 'Orlando,', 'FL', '32832']",4 BedsBds,4 BathsBa,"2,288 SqftSqft",Residential,"$730,627 USD"
"['10057', 'OAK', 'QUARRY', 'DRIVE,', 'Orlando,', 'FL', '32832']",4 BedsBds,4 BathsBa,"3,524 SqftSqft",Residential,"$850,000 USD"
"['630', 'VASSAR', 'STREET,', 'Orlando,', 'FL', '32804']",2 BedsBds,2 BathsBa,"1,162 SqftSqft",Residential,"$409,000 USD"
"['1006', 'NOTTINGHAM', 'STREET,', 'Orlando,', 'FL', '32803']",3 BedsBds,3 BathsBa,"2,725 SqftSqft",Residential,"$649,000 USD"
"['530', 'E', 'CENTRAL', 'BOULEVARD,', 'Orlando,', 'FL', '32801']",1 BedBd,1 BathBa,971 SqftSqft,Residential,"$299,000 USD"
"['4164', 'PLAYER', 'CIRCLE', '#110,', 'Orlando,', 'FL', '32808']",2 BedsBds,3 BathsBa,"1,437 SqftSqft",Residential,"$217,000 USD"
"['10050', 'BROWN', 'BURROW', 'STREET,', 'Orlando,', 'FL', '32829']",4 BedsBds,3 BathsBa,"2,397 SqftSqft",Residential,"$585,000 USD"
"['10101', 'PEARSON,', 'Orlando,', 'FL', '32832']",3 BedsBds,3 BathsBa,"2,411 SqftSqft",Residential,"$740,652 USD"
"['3613', 'AMIGOS', 'AVENUE,', 'Orlando,', 'FL', '32808']",3 BedsBds,2 BathsBa,"1,400 SqftSqft",Residential,"$260,000 USD"
"['731', 'QUILL', 'AVENUE,', 'Orlando,', 'FL', '32805']",NaN,NaN,NaN,Lots And Land,"$46,000 USD"
"['1314', 'CARLSBAD', 'PLACE,', 'Orlando,', 'FL', '32808']",4 BedsBds,2 BathsBa,"1,295 SqftSqft",Residential,"$269,000 USD"
"['1617', 'FLORINDA', 'DRIVE,', 'Orlando,', 'FL', '32804']",5 BedsBds,3 BathsBa,"1,500 SqftSqft",Residential,"$395,000 USD"
"['210', 'KENT', 'AVENUE,', 'Orlando,', 'FL', '32805']",3 BedsBds,2 BathsBa,"1,169 SqftSqft",Residential,"$199,000 USD"
"['1127', 'MORRIS', 'AVENUE,', 'Orlando,', 'FL', '32803']",3 BedsBds,1 BathBa,"1,198 SqftSqft",Residential,"$395,000 USD"
"['204', 'E', 'SOUTH', 'STREET,', 'Orlando,', 'FL', '32801']",1 BedBd,1 BathBa,739 SqftSqft,Residential,"$240,000 USD"
"['811', 'E', 'MARKS', 'STREET,', 'Orlando,', 'FL', '32803']",4 BedsBds,3 BathsBa,"2,901 SqftSqft",Residential,"$899,000 USD"
"['2516', 'HARGILL', 'DRIVE,', 'Orlando,', 'FL', '32806']",3 BedsBds,2 BathsBa,"1,644 SqftSqft",Residential,"$464,800 USD"
"['4508', 'KIRKLAND', 'BOULEVARD,', 'Orlando,', 'FL', '32811']",3 BedsBds,2 BathsBa,"1,220 SqftSqft",Residential,"$230,000 USD"
"['13342', 'PANAMA', 'BEACH', 'COURT,', 'Orlando,', 'FL', '32832']",5 BedsBds,5 BathsBa,"3,606 SqftSqft",Residential,"$999,000 USD"
"['95', 'MCMILLIAN', 'DRIVE,', 'Orlando,', 'FL', '32832']",5 BedsBds,3 BathsBa,"3,460 SqftSqft",Residential,"$849,121 USD"
"['7833', 'MURCOTT', 'CIRCLE,', 'Orlando,', 'FL', '32835']",3 BedsBds,2 BathsBa,"1,523 SqftSqft",Residential,"$370,000 USD"
"['No', 'address', 'available,', 'Orlando,', 'FL', '32835']",2 BedsBds,2 BathsBa,"1,256 SqftSqft",Residential,"$243,900 USD"
"['10129', 'PEARSON,', 'Orlando,', 'FL', '32832']",3 BedsBds,3 BathsBa,"1,788 SqftSqft",Residential,"$651,749 USD"
"['25', 'NE', 'IVANHOE', 'BOULEVARD,', 'Orlando,', 'FL', '32804']",3 BedsBds,2 BathsBa,"1,976 SqftSqft",Residential,"$599,900 USD"
"['806', 'W', 'LAKE', 'MANN', 'DRIVE,', 'Orlando,', 'FL', '32805']",3 BedsBds,3 BathsBa,"2,417 SqftSqft",Residential,"$625,000 USD"
"['8703', 'WINDSOR', 'POINTE', 'DRIVE,', 'Orlando,', 'FL', '32829']",5 BedsBds,4 BathsBa,"3,479 SqftSqft",Residential,"$729,950 USD"
"['6524', 'SWISSCO', 'DRIVE,', 'Orlando,', 'FL', '32822']",3 BedsBds,2 BathsBa,"1,286 SqftSqft",Residential,"$277,000 USD"
"['13473', 'PANAMA', 'BEACH', 'COURT,', 'Orlando,', 'FL', '32832']",5 BedsBds,5 BathsBa,"4,263 SqftSqft",Residential,"$1,297,000 USD"
"['3040', 'E', 'GRANT', 'AVENUE,', 'Orlando,', 'FL', '32806']",3 BedsBds,2 BathsBa,"1,649 SqftSqft",Residential,"$439,900 USD"
"['4136', 'YELLOW', 'PINE', 'LANE,', 'Orlando,', 'FL', '32811']",2 BedsBds,2 BathsBa,909 SqftSqft,Residential,"$160,000 USD"
"['1232', 'POINSETTIA', 'AVENUE,', 'Orlando,', 'FL', '32804']",4 BedsBds,4 BathsBa,"2,712 SqftSqft",Residential,"$695,000 USD"
"['9097', 'Laureate', 'Boulevard,', 'Orlando,', 'FL', '32832']",3 BedsBds,3 BathsBa,"1,776 SqftSqft",Residential,"$525,000 USD"
"['6905', 'ARNOLDSON', 'STREET,', 'Orlando,', 'FL', '32832']",4 BedsBds,4 BathsBa,"2,771 SqftSqft",Residential,"$1,089,000 USD"
"['10376', 'MARCONI', 'AVENUE,', 'Orlando,', 'FL', '32832']",3 BedsBds,3 BathsBa,"1,788 SqftSqft",Residential,"$736,546 USD"
"['6408', 'Horse', 'Shoe', 'Bend,', 'Orlando,', 'FL', '32822']",3 BedsBds,2 BathsBa,"1,456 SqftSqft",Other,"$109,000 USD"
"['9028', 'LAKE', 'AVON', 'DRIVE,', 'Orlando,', 'FL', '32829']",4 BedsBds,2 BathsBa,"2,570 SqftSqft",Residential,"$499,000 USD"
"['10639', 'MARCONI', 'AVENUE,', 'Orlando,', 'FL', '32832']",5 BedsBds,5 BathsBa,"3,909 SqftSqft",Residential,"$901,580 USD"
"['2314', 'E', 'HARDING', 'STREET,', 'Orlando,', 'FL', '32806']",3 BedsBds,2 BathsBa,"1,433 SqftSqft",Residential,"$475,000 USD"
"['101', 'S', 'EOLA', 'DRIVE,', 'Orlando,', 'FL', '32801']",2 BedsBds,2 BathsBa,"1,255 SqftSqft",Residential,"$380,000 USD"
"['10299', 'LAKE', 'DISTRICT', 'LANE,', 'Orlando,', 'FL', '32832']",3 BedsBds,3 BathsBa,"1,635 SqftSqft",Residential,"$360,000 USD"
"['13856', 'Granger', 'Avenue,', 'Orlando,', 'FL', '32832']",3 BedsBds,3 BathsBa,"2,241 SqftSqft",Residential,"$650,000 USD"
"['111', 'S', 'HUDSON', 'STREET,', 'Orlando,', 'FL', '32835']",3 BedsBds,2 BathsBa,"1,640 SqftSqft",Residential,"$319,999 USD"
"['1100', 'DELANEY', 'AVENUE,', 'Orlando,', 'FL', '32806']",1 BedBd,1 BathBa,751 SqftSqft,Residential,"$199,000 USD"
"['6302', 'DAYSBROOK', 'DRIVE,', 'Orlando,', 'FL', '32835']",2 BedsBds,3 BathsBa,"1,546 SqftSqft",Residential,"$318,680 USD"
"['2809', 'S', 'BROWN', 'AVENUE,', 'Orlando,', 'FL', '32806']",3 BedsBds,1 BathBa,878 SqftSqft,Residential,"$264,900 USD"
"['9069', 'LEE', 'VISTA', 'BOULEVARD,', 'Orlando,', 'FL', '32829']",2 BedsBds,2 BathsBa,"1,032 SqftSqft",Residential,"$229,900 USD"
"['4200', 'CEPEDA', 'STREET,', 'Orlando,', 'FL', '32811']",4 BedsBds,2 BathsBa,"1,597 SqftSqft",Residential,"$264,900 USD"
"['1109', 'E', 'JACKSON', 'STREET,', 'Orlando,', 'FL', '32801']",4 BedsBds,5 BathsBa,"3,773 SqftSqft",Residential,"$1,448,000 USD"
"['3718', 'W', 'JEFFERSON', 'STREET,', 'Orlando,', 'FL', '32805']",3 BedsBds,2 BathsBa,"1,314 SqftSqft",Residential,"$340,000 USD"
"['340', 'MASHIE', 'LANE,', 'Orlando,', 'FL', '32804']",3 BedsBds,3 BathsBa,"3,730 SqftSqft",Residential,"$1,225,000 USD"
"['7200', 'GRACE', 'ROAD,', 'Orlando,', 'FL', '32819']",8 BedsBds,6 BathsBa,"5,201 SqftSqft",Residential,"$999,000 USD"
"['1424', 'S', 'RIO', 'GRANDE', 'AVENUE,', 'Orlando,', 'FL', '32805']",4 BedsBds,2 BathsBa,"1,300 SqftSqft",Residential,"$154,900 USD"
"['1110', 'SW', 'IVANHOE', 'BOULEVARD,', 'Orlando,', 'FL', '32804']",3 BedsBds,4 BathsBa,"3,111 SqftSqft",Residential,"$995,000 USD             105K"
"['113', 'N', 'HAMPTON', 'AVENUE,', 'Orlando,', 'FL', '32803']",3 BedsBds,2 BathsBa,"1,200 SqftSqft",Residential,"$430,000 USD"
"['134', 'W', 'LEGGETT', 'ALLEY,', 'Orlando,', 'FL', '32832']",5 BedsBds,5 BathsBa,"3,909 SqftSqft",Residential,"$889,075 USD"
"['121', 'S', 'PEEBLES', 'STREET,', 'Orlando,', 'FL', '32832']",5 BedsBds,3 BathsBa,"3,460 SqftSqft",Residential,"$850,593 USD"
"['840', 'KENILWORTH', 'TERRACE,', 'Orlando,', 'FL', '32803']",4 BedsBds,5 BathsBa,"4,833 SqftSqft",Residential,"$1,350,000 USD             150K"
"['8873', 'VENEZIA', 'PLANTATION', 'DRIVE,', 'Orlando,', 'FL', '32829']",3 BedsBds,2 BathsBa,"2,000 SqftSqft",Residential,"$438,000 USD"
"['54', 'W', 'JERSEY', 'STREET,', 'Orlando,', 'FL', '32806']",3 BedsBds,4 BathsBa,"2,100 SqftSqft",Residential,"$650,000 USD"
"['5414', 'SEEDLING', 'LANE,', 'Orlando,', 'FL', '32811']",3 BedsBds,2 BathsBa,"1,152 SqftSqft",Residential,"$290,000 USD"
"['4111', 'S', 'SEMORAN', 'BOULEVARD,', 'Orlando,', 'FL', '32822']",2 BedsBds,1 BathBa,"1,208 SqftSqft",Residential,"$169,999 USD"
"['4312', 'S', 'KIRKMAN', 'ROAD,', 'Orlando,', 'FL', '32811']",1 BedBd,1 BathBa,779 SqftSqft,Residential,"$162,700 USD"
"['331', 'S', 'HART', 'BOULEVARD,', 'Orlando,', 'FL', '32835']",4 BedsBds,3 BathsBa,"1,765 SqftSqft",Residential,"$389,000 USD"
"['1030', 'E', 'MARKS', 'STREET,', 'Orlando,', 'FL', '32803']",3 BedsBds,4 BathsBa,"1,880 SqftSqft",Residential,"$635,000 USD"
"['911', 'GRAND', 'CAYMAN', 'COURT,', 'Orlando,', 'FL', '32835']",3 BedsBds,2 BathsBa,"1,252 SqftSqft",Residential,"$329,900 USD"
"['133', 'STRICKLAND', 'ALLEY,', 'Orlando,', 'FL', '32832']",5 BedsBds,5 BathsBa,"3,518 SqftSqft",Residential,"$931,985 USD"
"['1102', 'FOX', 'HEDGE', 'LANE,', 'Orlando,', 'FL', '32832']",4 BedsBds,4 BathsBa,"2,688 SqftSqft",Residential,"$553,000 USD"
"['5950', 'SCOTCHWOOD', 'GLEN,', 'Orlando,', 'FL', '32822']",2 BedsBds,3 BathsBa,"1,260 SqftSqft",Residential,"$235,000 USD"
"['3250', 'CORONA', 'VILLAGE', 'WAY,', 'Orlando,', 'FL', '32835']",2 BedsBds,2 BathsBa,"1,107 SqftSqft",Residential,"$220,000 USD"
"['7517', 'LAUREATE', 'BOULEVARD,', 'Orlando,', 'FL', '32832']",3 BedsBds,2 BathsBa,"1,805 SqftSqft",Residential,"$487,900 USD"
"['9946', 'BENNINGTON', 'CHASE', 'DRIVE,', 'Orlando,', 'FL', '32829']",5 BedsBds,3 BathsBa,"2,754 SqftSqft",Residential,"$506,000 USD"
"['Lot', '492', 'S', 'APOPKA', 'VINELAND', 'ROAD,', 'Orlando,', 'FL', '32835']",NaN,NaN,NaN,Lots And Land,"$145,000 USD"
"['2218', 'ELIZABETH', 'AVENUE,', 'Orlando,', 'FL', '32804']",2 BedsBds,2 BathsBa,"1,116 SqftSqft",Residential,"$299,000 USD"
"['101', 'N', 'COTTAGE', 'HILL', 'ROAD,', 'Orlando,', 'FL', '32805']",3 BedsBds,2 BathsBa,"1,302 SqftSqft",Residential,"$285,000 USD"
"['2913', 'W', 'AMELIA', 'STREET,', 'Orlando,', 'FL', '32805']",3 BedsBds,1 BathBa,"1,073 SqftSqft",Residential,"$189,500 USD"
"['3216', 'TENNESSEE', 'TERRACE,', 'Orlando,', 'FL', '32806']",NaN,NaN,NaN,Lots And Land,"$180,000 USD"
"['2400', 'CARIBBEAN', 'COURT,', 'Orlando,', 'FL', '32805']",4 BedsBds,3 BathsBa,"2,315 SqftSqft",Residential,"$486,000 USD"
"['5440', 'WOOD', 'CROSSING', 'STREET,', 'Orlando,', 'FL', '32811']",3 BedsBds,2 BathsBa,"1,016 SqftSqft",Residential,"$190,000 USD             29.9K"
"['1039', 'S', 'HIAWASSEE', 'ROAD,', 'Orlando,', 'FL', '32835']",2 BedsBds,2 BathsBa,934 SqftSqft,Residential,"$199,000 USD"
"['521', 'W', 'PRINCETON,', 'B', 'STREET,', 'Orlando,', 'FL', '32804']",3 BedsBds,3 BathsBa,"1,440 SqftSqft",Residential,"$520,000 USD"
"['128', 'PLANE', 'TREE', 'STREET,', 'Orlando,', 'FL', '32832']",4 BedsBds,4 BathsBa,"4,226 SqftSqft",Residential,"$841,659 USD"
"['13426', 'Gabor', 'Ave.,', 'Orlando,', 'FL', '32832']",5 BedsBds,4 BathsBa,"3,628 SqftSqft",Residential,"$760,990 USD"
"['155', 'S', 'COURT', 'AVENUE,', 'Orlando,', 'FL', '32801']",1 BedBd,1 BathBa,729 SqftSqft,Residential,"$272,000 USD"
"['0000', 'E', 'HARDING', 'STREET,', 'Orlando,', 'FL', '32806']",NaN,NaN,NaN,Lots And Land,"$289,900 USD"
"['9085', 'Laureate', 'Boulevard,', 'Orlando,', 'FL', '32832']",2 BedsBds,2 BathsBa,"1,644 SqftSqft",Residential,"$450,000 USD"
"['6160', 'MATTOX', 'STREET,', 'Orlando,', 'FL', '32822']",4 BedsBds,2 BathsBa,"1,496 SqftSqft",Residential,"$349,900 USD"
"['1200', 'LAKE', 'BALDWIN', 'LANE,', 'Orlando,', 'FL', '32814']",3 BedsBds,4 BathsBa,"2,234 SqftSqft",Residential,"$750,000 USD"
"['3036', 'WATER', 'SPRITE', 'STREET,', 'Orlando,', 'FL', '32808']",3 BedsBds,3 BathsBa,"1,594 SqftSqft",Residential,"$362,200 USD"
"['3838', 'ROSE', 'OF', 'SHARON', 'DRIVE,', 'Orlando,', 'FL', '32808']",3 BedsBds,2 BathsBa,"1,565 SqftSqft",Residential,"$205,000 USD"
"['1101', 'MORRIS', 'AVENUE,', 'Orlando,', 'FL', '32803']",3 BedsBds,2 BathsBa,"1,078 SqftSqft",Residential,"$399,000 USD"
"['800', 'BUCKWOOD', 'DRIVE,', 'Orlando,', 'FL', '32806']",4 BedsBds,3 BathsBa,"1,675 SqftSqft",Residential,"$439,500 USD"
"['6129', 'METROWEST', 'BOULEVARD,', 'Orlando,', 'FL', '32835']",4 BedsBds,3 BathsBa,"1,868 SqftSqft",Residential,"$375,000 USD"
"['4700', 'BUGGY', 'WHIP', 'LANE,', 'Orlando,', 'FL', '32812']",2 BedsBds,2 BathsBa,"1,140 SqftSqft",Residential,"$270,000 USD"
"['189', 'MCMILLIAN', 'STREET,', 'Orlando,', 'FL', '32832']",5 BedsBds,4 BathsBa,"4,084 SqftSqft",Residential,"$991,290 USD"
"['Lot', '502', 'S', 'APOPKA', 'VINELAND', 'ROAD,', 'Orlando,', 'FL', '32819']",NaN,NaN,NaN,Lots And Land,"$325,000 USD"
"['5740', 'CEDAR', 'PINE', 'DRIVE,', 'Orlando,', 'FL', '32819']",4 BedsBds,3 BathsBa,"2,216 SqftSqft",Residential,"$665,000 USD"
"['3704', 'WELLS', 'STREET,', 'Orlando,', 'FL', '32805']",2 BedsBds,1 BathBa,888 SqftSqft,Residential,"$195,000 USD"
"['1602', 'PARK', 'LAKE', 'STREET,', 'Orlando,', 'FL', '32803']",3 BedsBds,4 BathsBa,"2,150 SqftSqft",Residential,"$625,000 USD"
"['2145', '&', '2147', 'S', 'RIO', 'GRANDE', 'AVENUE,', 'Orlando,', 'FL', '32805']",4 BedsBds,2 BathsBa,"1,656 SqftSqft",Residential,"$329,000 USD"
"['13426', 'Gabor', 'Ave.,', 'Orlando,', 'FL', '32832']",4 BedsBds,4 BathsBa,"2,688 SqftSqft",Residential,"$640,990 USD"
"['1329', 'MARGATE', 'AVENUE,', 'Orlando,', 'FL', '32803']",2 BedsBds,2 BathsBa,"1,322 SqftSqft",Residential,"$399,000 USD"
"['4801', 'COACHMANS', 'DRIVE,', 'Orlando,', 'FL', '32812']",2 BedsBds,2 BathsBa,"1,299 SqftSqft",Residential,"$285,000 USD"
"['109', 'E', 'MARCONI', 'AVENUE,', 'Orlando,', 'FL', '32832']",5 BedsBds,5 BathsBa,"3,909 SqftSqft",Residential,"$961,895 USD"
"['62', 'PEEBLES', 'STREET,', 'Orlando,', 'FL', '32832']",5 BedsBds,4 BathsBa,"3,484 SqftSqft",Residential,"$838,581 USD"
"['8704', 'Crick', 'Alley,', 'Orlando,', 'FL', '32832']",4 BedsBds,5 BathsBa,"2,459 SqftSqft",Residential,"$632,990 USD"
"['8121', 'CONROY', 'WINDERMERE', 'ROAD,', 'Orlando,', 'FL', '32835']",4 BedsBds,3 BathsBa,"2,695 SqftSqft",Residential,"$1,900,000 USD             600K"
"['524', 'VERN', 'DRIVE,', 'Orlando,', 'FL', '32805']",3 BedsBds,2 BathsBa,"1,825 SqftSqft",Residential,"$333,000 USD"
"['4306', 'LENOX,', 'Orlando,', 'FL', '32811']",4 BedsBds,2 BathsBa,"1,662 SqftSqft",Residential,"$340,000 USD"
"['7270', 'WESTPOINTE', 'BOULEVARD,', 'Orlando,', 'FL', '32835']",2 BedsBds,1 BathBa,"1,021 SqftSqft",Residential,"$207,500 USD"
"['221', 'E', 'MURIEL', 'STREET,', 'Orlando,', 'FL', '32806']",3 BedsBds,2 BathsBa,"1,092 SqftSqft",Residential,"$379,000 USD"
"['2560', 'WOODGATE', 'BOULEVARD,', 'Orlando,', 'FL', '32822']",2 BedsBds,2 BathsBa,"1,008 SqftSqft",Residential,"$185,000 USD"
"['9085', 'LAUREATE', 'BOULEVARD,', 'Orlando,', 'FL', '32832']",2 BedsBds,2 BathsBa,"1,644 SqftSqft",Residential,"$450,000 USD"
"['620', 'E', 'MARKS', 'STREET,', 'Orlando,', 'FL', '32803']",4 BedsBds,3 BathsBa,"2,634 SqftSqft",Residential,"$899,000 USD"
"['135', 'LEGGETT', 'AVENUE,', 'Orlando,', 'FL', '32832']",4 BedsBds,4 BathsBa,"3,157 SqftSqft",Residential,"$856,308 USD"
"['4613', 'RING', 'NECK', 'ROAD,', 'Orlando,', 'FL', '32808']",2 BedsBds,2 BathsBa,"1,061 SqftSqft",Residential,"$174,900 USD"
"['6119', 'METROWEST', 'BOULEVARD,', 'Orlando,', 'FL', '32835']",4 BedsBds,3 BathsBa,"1,868 SqftSqft",Residential,"$367,000 USD"
"['7220', 'WESTPOINTE', 'BOULEVARD,', 'Orlando,', 'FL', '32835']",3 BedsBds,2 BathsBa,"1,466 SqftSqft",Residential,"$252,500 USD"
"['Lot', '451', 'S', 'APOPKA', 'VINELAND', 'ROAD,', 'Orlando,', 'FL', '32835']",NaN,NaN,NaN,Lots And Land,"$145,000 USD"
"['2019', 'DIXIE', 'BELLE', 'DRIVE,', 'Orlando,', 'FL', '32822']",4 BedsBds,2 BathsBa,"1,192 SqftSqft",Residential,"$225,000 USD"
"['3202', 'PARKCHESTER', 'SQUARE', 'BOULEVARD,', 'Orlando,', 'FL', '32835']",2 BedsBds,2 BathsBa,"1,235 SqftSqft",Residential,"$239,500 USD"
"['2960', 'S', 'SEMORAN', 'BOULEVARD,', 'Orlando,', 'FL', '32812']",2 BedsBds,2 BathsBa,889 SqftSqft,Residential,"$85,000 USD"
"['2544', 'ROBERT', 'TRENT', 'JONES', 'DRIVE,', 'Orlando,', 'FL', '32835']",2 BedsBds,1 BathBa,933 SqftSqft,Residential,"$185,000 USD"
"['8739', 'ABBEY', 'LEAF', 'LANE,', 'Orlando,', 'FL', '32827']",4 BedsBds,3 BathsBa,"2,691 SqftSqft",Residential,"$565,000 USD"
"['1700', 'ROBIN', 'ROAD,', 'Orlando,', 'FL', '32803']",3 BedsBds,2 BathsBa,"2,140 SqftSqft",Residential,"$625,000 USD"
"['13426', 'Gabor', 'Ave.,', 'Orlando,', 'FL', '32832']",4 BedsBds,3 BathsBa,"2,687 SqftSqft",Residential,"$701,990 USD"
"['8465', 'INSULAR', 'Lane,', 'Orlando,', 'FL', '32827']",3 BedsBds,3 BathsBa,"1,830 SqftSqft",Residential,"$449,000 USD"
"['720', '20TH', 'STREET,', 'Orlando,', 'FL', '32805']",3 BedsBds,1 BathBa,"1,000 SqftSqft",Residential,"$242,000 USD"
"['5120', 'CONROY', 'ROAD,', 'Orlando,', 'FL', '32811']",2 BedsBds,2 BathsBa,988 SqftSqft,Residential,"$189,000 USD"
"['2508', 'SAINT', 'HEATHER', 'WAY,', 'Orlando,', 'FL', '32806']",5 BedsBds,3 BathsBa,"2,777 SqftSqft",Residential,"$720,000 USD"
"['1728', 'SPRING', 'LAKE', 'DRIVE,', 'Orlando,', 'FL', '32804']",3 BedsBds,4 BathsBa,"2,464 SqftSqft",Residential,"$820,000 USD"
"['4463', 'RING', 'NECK', 'ROAD,', 'Orlando,', 'FL', '32808']",2 BedsBds,2 BathsBa,"1,061 SqftSqft",Residential,"$180,000 USD"
"['4988', 'CLARCONA', 'OCOEE', 'ROAD,', 'Orlando,', 'FL', '32808']",3 BedsBds,2 BathsBa,"1,957 SqftSqft",Residential,"$317,000 USD"
"['3427', 'WINDY', 'WOOD', 'DRIVE,', 'Orlando,', 'FL', '32812']",4 BedsBds,3 BathsBa,"2,291 SqftSqft",Residential,"$439,900 USD"
"['6915', 'NEEDLE', 'POINTE', 'DRIVE,', 'Orlando,', 'FL', '32822']",4 BedsBds,2 BathsBa,"1,380 SqftSqft",Residential,"$354,999 USD"
"['1305', 'BENNETT', 'ROAD,', 'Orlando,', 'FL', '32814']",3 BedsBds,3 BathsBa,"2,531 SqftSqft",Residential,"$760,000 USD"
"['1602', 'PARK', 'LAKE', 'STREET,', 'Orlando,', 'FL', '32803']",3 BedsBds,4 BathsBa,"2,192 SqftSqft",Residential,"$650,000 USD"
"['10317', 'LAKE', 'DISTRICT', 'LANE,', 'Orlando,', 'FL', '32832']",3 BedsBds,3 BathsBa,"1,614 SqftSqft",Residential,"$360,000 USD"
"['860', 'N', 'ORANGE', 'AVENUE,', 'Orlando,', 'FL', '32801']",2 BedsBds,2 BathsBa,"1,070 SqftSqft",Residential,"$255,000 USD"
"['415', 'SUNSET', 'DRIVE,', 'Orlando,', 'FL', '32805']",2 BedsBds,1 BathBa,"1,140 SqftSqft",Residential,"$228,500 USD"
"['1065', 'S', 'HIAWASSEE', 'ROAD,', 'Orlando,', 'FL', '32835']",2 BedsBds,2 BathsBa,934 SqftSqft,Residential,"$195,000 USD"
"['6549', 'Hidden', 'Beach', 'Circle,', 'Orlando,', 'FL', '32819']",3 BedsBds,3 BathsBa,"2,126 SqftSqft",Residential,"$549,000 USD"
"['4835', 'LANETTE', 'STREET,', 'Orlando,', 'FL', '32811']",3 BedsBds,2 BathsBa,960 SqftSqft,Residential,"$83,000 USD"
"['4712', 'WALDEN', 'CIRCLE,', 'Orlando,', 'FL', '32811']",1 BedBd,1 BathBa,560 SqftSqft,Residential,"$135,000 USD"
"['7821', 'KILLARY', 'COURT,', 'Orlando,', 'FL', '32835']",3 BedsBds,2 BathsBa,"1,359 SqftSqft",Residential,"$369,000 USD"
"['3501', 'E', 'GRANT', 'STREET,', 'Orlando,', 'FL', '32804']",3 BedsBds,1 BathBa,"1,979 SqftSqft",Residential,"$374,500 USD"
"['3721', 'S', 'FERN', 'CREEK', 'AVENUE,', 'Orlando,', 'FL', '32806']",3 BedsBds,2 BathsBa,"1,424 SqftSqft",Residential,"$349,900 USD"
"['129', 'PLANETREE', 'STREET,', 'Orlando,', 'FL', '32832']",3 BedsBds,2 BathsBa,"2,085 SqftSqft",Residential,"$614,268 USD"
"['3607', 'N', 'WESTMORELAND', 'DRIVE,', 'Orlando,', 'FL', '32804']",3 BedsBds,2 BathsBa,"2,047 SqftSqft",Residential,"$635,000 USD"
"['346', 'ROSWELL', 'AVENUE,', 'Orlando,', 'FL', '32803']",3 BedsBds,2 BathsBa,"1,243 SqftSqft",Residential,"$440,000 USD"
"['19153', 'PLANETREE', 'STREET,', 'Orlando,', 'FL', '32832']",5 BedsBds,4 BathsBa,"3,628 SqftSqft",Residential,"$813,960 USD"
"['5500', 'DEVONBRIAR', 'WAY,', 'Orlando,', 'FL', '32822']",1 BedBd,1 BathBa,580 SqftSqft,Residential,"$135,900 USD"
"['5865', 'Manchester', 'Bridge', 'Drive,', 'Orlando,', 'FL', '32829']",3 BedsBds,2 BathsBa,"1,717 SqftSqft",Residential,"$409,000 USD"
"['5463', 'VINELAND', 'ROAD,', 'Orlando,', 'FL', '32811']",2 BedsBds,2 BathsBa,"1,142 SqftSqft",Residential,"$220,000 USD"
"['133', 'BLUELEAF', 'STREET,', 'Orlando,', 'FL', '32832']",4 BedsBds,4 BathsBa,"3,100 SqftSqft",Residential,"$783,321 USD"
"['40b', 'PEARSON', 'AVENUE,', 'Orlando,', 'FL', '32832']",2 BedsBds,2 BathsBa,"1,650 SqftSqft",Residential,"$480,990 USD"
"['18851', 'RAWSON', 'STREET,', 'Orlando,', 'FL', '32832']",4 BedsBds,3 BathsBa,"2,235 SqftSqft",Residential,"$696,391 USD"
"['8704', 'Crick', 'Alley,', 'Orlando,', 'FL', '32832']",5 BedsBds,3 BathsBa,"3,150 SqftSqft",Residential,"$704,990 USD"
"['1159', 'DELANEY', 'AVENUE,', 'Orlando,', 'FL', '32806']",3 BedsBds,4 BathsBa,"2,434 SqftSqft",Residential,"$617,700 USD"
"['2124', 'STILLINGTON', 'STREET,', 'Orlando,', 'FL', '32835']",5 BedsBds,4 BathsBa,"3,354 SqftSqft",Residential,"$820,000 USD"
"['4644', 'BARLEY', 'STREET,', 'Orlando,', 'FL', '32811']",4 BedsBds,2 BathsBa,"1,048 SqftSqft",Residential,"$240,000 USD"
"['18963', 'RAWSON', 'STREET,', 'Orlando,', 'FL', '32832']",4 BedsBds,3 BathsBa,"2,712 SqftSqft",Residential,"$764,912 USD"
"['19315', 'BANFIELD', 'PLACE,', 'Orlando,', 'FL', '32832']",5 BedsBds,4 BathsBa,"3,320 SqftSqft",Residential,"$690,664 USD"
"['4300', 'HECTOR', 'COURT,', 'Orlando,', 'FL', '32822']",2 BedsBds,2 BathsBa,876 SqftSqft,Residential,"$199,900 USD"
"['136', 'LEGGETT', 'ALLEY,', 'Orlando,', 'FL', '32832']",5 BedsBds,4 BathsBa,"3,103 SqftSqft",Residential,"$750,379 USD"
"['22', 'S', 'OBSERVATORY', 'DRIVE,', 'Orlando,', 'FL', '32835']",3 BedsBds,1 BathBa,815 SqftSqft,Residential,"$65,000 USD"
"['209', 'BAYSHORE', 'DRIVE,', 'Orlando,', 'FL', '32805']",3 BedsBds,2 BathsBa,"1,351 SqftSqft",Residential,"$237,100 USD"
"['162', 'SABATIER', 'ALLEY,', 'Orlando,', 'FL', '32832']",3 BedsBds,2 BathsBa,"2,432 SqftSqft",Residential,"$700,990 USD             268K"
"['6586', 'LAKE', 'PEMBROKE', 'PLACE,', 'Orlando,', 'FL', '32829']",4 BedsBds,4 BathsBa,"3,271 SqftSqft",Residential,"$590,000 USD"
"['Lot', '456', 'S', 'APOPKA', 'VINELAND', 'ROAD,', 'Orlando,', 'FL', '32835']",NaN,NaN,NaN,Lots And Land,"$145,000 USD"
"['13812', 'ELIOT', 'AVENUE,', 'Orlando,', 'FL', '32832']",3 BedsBds,3 BathsBa,"2,283 SqftSqft",Residential,"$839,900 USD"
"['3006', 'HUNTINGTON', 'STREET,', 'Orlando,', 'FL', '32803']",3 BedsBds,2 BathsBa,"2,085 SqftSqft",Residential,"$525,000 USD"
"['3412', 'CURRY', 'FORD', 'ROAD,', 'Orlando,', 'FL', '32806']",NaN,NaN,NaN,Lots And Land,"$299,900 USD"
"['2805', 'GULFSTREAM', 'COURT,', 'Orlando,', 'FL', '32805']",3 BedsBds,2 BathsBa,"1,723 SqftSqft",Residential,"$360,000 USD"
"['3216', 'Merton', 'Alley,', 'Orlando,', 'FL', '32808']",3 BedsBds,3 BathsBa,"1,594 SqftSqft",Residential,"$354,990 USD"
"['9923', 'PEARSON,', 'Orlando,', 'FL', '32832']",4 BedsBds,4 BathsBa,"2,328 SqftSqft",Residential,"$805,150 USD"
"['6235', 'GOETHE', 'STREET,', 'Orlando,', 'FL', '32835']",3 BedsBds,3 BathsBa,"1,682 SqftSqft",Residential,"$329,000 USD"
"['150', 'E', 'ROBINSON', 'STREET', '#2405,', 'Orlando,', 'FL', '32801']",2 BedsBds,2 BathsBa,"1,140 SqftSqft",Residential,"$544,900 USD"
"['322', 'E', 'CENTRAL', 'BOULEVARD,', 'Orlando,', 'FL', '32801']",3 BedsBds,2 BathsBa,"1,932 SqftSqft",Residential,"$1,096,000 USD"
"['26', 'MCMILLIAN', 'DRIVE,', 'Orlando,', 'FL', '32832']",5 BedsBds,5 BathsBa,"3,518 SqftSqft",Residential,"$901,772 USD"
"['5550', 'E', 'MICHIGAN', 'STREET,', 'Orlando,', 'FL', '32822']",2 BedsBds,1 BathBa,"1,130 SqftSqft",Residential,"$249,900 USD"
"['4341', 'LENOX', 'BOULEVARD,', 'Orlando,', 'FL', '32811']",NaN,NaN,NaN,Lots And Land,"$80,000 USD"
"['4630', 'COMMANDER', 'DRIVE,', 'Orlando,', 'FL', '32822']",2 BedsBds,2 BathsBa,"1,054 SqftSqft",Residential,"$180,000 USD"
"['10', 'MCMILLIAN', 'DRIVE,', 'Orlando,', 'FL', '32832']",5 BedsBds,4 BathsBa,"3,060 SqftSqft",Residential,"$779,294 USD"
"['205', 'S', 'LAWSONA', 'BOULEVARD,', 'Orlando,', 'FL', '32801']",3 BedsBds,2 BathsBa,"1,601 SqftSqft",Residential,"$575,000 USD"
"['5710', 'CARDINALS', 'GUARD', 'AVE,', 'Orlando,', 'FL', '32839']",3 BedsBds,2 BathsBa,"1,000 SqftSqft",Residential,"$265,000 USD"
"['5067', 'STONE', 'HARBOUR', 'ROAD,', 'Orlando,', 'FL', '32808']",3 BedsBds,2 BathsBa,"1,418 SqftSqft",Residential,"$320,000 USD"
"['6214', 'STEVENSON', 'DRIVE,', 'Orlando,', 'FL', '32835']",3 BedsBds,2 BathsBa,"1,408 SqftSqft",Residential,"$250,000 USD"
"['4689', 'KING', 'COLE', 'BOULEVARD,', 'Orlando,', 'FL', '32811']",3 BedsBds,2 BathsBa,"1,085 SqftSqft",Residential,"$290,000 USD"
"['12587', 'BOVET', 'AVENUE,', 'Orlando,', 'FL', '32832']",5 BedsBds,5 BathsBa,"4,155 SqftSqft",Residential,"$1,549,990 USD"
"['514', 'GASTON', 'FOSTER', 'ROAD,', 'Orlando,', 'FL', '32807']",2 BedsBds,1 BathBa,897 SqftSqft,Residential,"$280,000 USD"
"['2532', 'ROBERT', 'TRENT', 'JONES', 'DRIVE,', 'Orlando,', 'FL', '32835']",2 BedsBds,1 BathBa,933 SqftSqft,Residential,"$165,000 USD"
"['19355', 'BANFIELD', 'PLACE,', 'Orlando,', 'FL', '32832']",5 BedsBds,4 BathsBa,"3,120 SqftSqft",Residential,"$710,226 USD"
"['169', 'SABATIER', 'ALLEY,', 'Orlando,', 'FL', '32832']",4 BedsBds,3 BathsBa,"3,192 SqftSqft",Residential,"$695,990 USD             165K"
"['190', 'MILFOIL', 'AVENUE,', 'Orlando,', 'FL', '32832']",3 BedsBds,2 BathsBa,"2,085 SqftSqft",Residential,"$720,156 USD"
"['8703', 'BAY', 'RIDGE', 'BOULEVARD,', 'Orlando,', 'FL', '32819']",3 BedsBds,2 BathsBa,"2,804 SqftSqft",Residential,"$699,900 USD"
"['9168', 'CAMDEN', 'GARDENS', 'STREET,', 'Orlando,', 'FL', '32827']",3 BedsBds,3 BathsBa,"1,348 SqftSqft",Residential,"$386,500 USD"
"['5050', 'HEARTLAND', 'STREET,', 'Orlando,', 'FL', '32829']",4 BedsBds,3 BathsBa,"2,442 SqftSqft",Residential,"$515,000 USD"
"['130', 'STRICKLAND', 'ALLEY,', 'Orlando,', 'FL', '32832']",5 BedsBds,5 BathsBa,"3,518 SqftSqft",Residential,"$887,009 USD"
"['83', 'W', 'HARDING', 'STREET,', 'Orlando,', 'FL', '32806']",3 BedsBds,3 BathsBa,"1,796 SqftSqft",Residential,"$529,900 USD"
"['714', 'CORDOVA', 'DRIVE,', 'Orlando,', 'FL', '32804']",NaN,NaN,NaN,Lots And Land,"$799,000 USD"
"['176', 'RAWSON', 'STREET,', 'Orlando,', 'FL', '32832']",3 BedsBds,2 BathsBa,"2,085 SqftSqft",Residential,"$609,268 USD"
"['3209', 'PARKCHESTER', 'SQUARE', 'BOULEVARD,', 'Orlando,', 'FL', '32835']",3 BedsBds,2 BathsBa,"1,260 SqftSqft",Residential,"$255,000 USD"
"['924', 'CITRUS', 'STREET,', 'Orlando,', 'FL', '32805']",3 BedsBds,1 BathBa,850 SqftSqft,Residential,"$230,000 USD"
"['1611', 'PAGE', 'AVENUE,', 'Orlando,', 'FL', '32806']",NaN,NaN,NaN,Lots And Land,"$1,399,000 USD"
"['3478', 'WESTCHESTER', 'SQUARE', 'BOULEVARD,', 'Orlando,', 'FL', '32835']",3 BedsBds,2 BathsBa,"1,600 SqftSqft",Residential,"$248,500 USD"
"['3567', 'SHALLOT', 'DRIVE,', 'Orlando,', 'FL', '32835']",3 BedsBds,3 BathsBa,"1,682 SqftSqft",Residential,"$324,900 USD"
"['2804', 'POLVADERO', 'LANE,', 'Orlando,', 'FL', '32835']",2 BedsBds,3 BathsBa,"1,546 SqftSqft",Residential,"$275,000 USD"
"['2544', 'ROBERT', 'TRENT', 'JONES', 'DRIVE,', 'Orlando,', 'FL', '32835']",2 BedsBds,1 BathBa,933 SqftSqft,Residential,"$179,900 USD"
"['16', 'NANCY', 'LEE', 'AVENUE,', 'Orlando,', 'FL', '32803']",3 BedsBds,2 BathsBa,"1,290 SqftSqft",Residential,"$390,000 USD"
"['540', 'W', 'PAR', 'STREET,', 'Orlando,', 'FL', '32804']",2 BedsBds,2 BathsBa,"1,200 SqftSqft",Residential,"$329,000 USD"
"['5270', 'SAN', 'PAULO', 'STREET,', 'Orlando,', 'FL', '32807']",3 BedsBds,2 BathsBa,"1,283 SqftSqft",Residential,"$349,999 USD"
"['129', 'LAXNESS', 'STREET,', 'Orlando,', 'FL', '32832']",6 BedsBds,4 BathsBa,"3,910 SqftSqft",Residential,"$953,811 USD"
"['448', 'DELICATA', 'DRIVE,', 'Orlando,', 'FL', '32807']",3 BedsBds,2 BathsBa,"1,303 SqftSqft",Residential,"$310,000 USD"
"['13426', 'Gabor', 'Ave.,', 'Orlando,', 'FL', '32832']",4 BedsBds,3 BathsBa,"2,235 SqftSqft",Residential,"$601,990 USD"
"['4932', 'COLLEGE', 'DRIVE,', 'Orlando,', 'FL', '32811']",4 BedsBds,2 BathsBa,"1,547 SqftSqft",Residential,"$325,000 USD"
"['1037', 'S', 'HIAWASSEE', 'ROAD,', 'Orlando,', 'FL', '32835']",1 BedBd,1 BathBa,673 SqftSqft,Residential,"$149,999 USD"
"['10025', 'SAVANNAH', 'BLUFF', 'LANE,', 'Orlando,', 'FL', '32829']",4 BedsBds,2 BathsBa,"1,972 SqftSqft",Residential,"$471,000 USD"
"['13235', 'BEEBE', 'ALLEY,', 'Orlando,', 'FL', '32832']",3 BedsBds,3 BathsBa,"1,878 SqftSqft",Residential,"$679,000 USD"
"['13426', 'Gabor', 'Ave.,', 'Orlando,', 'FL', '32832']",4 BedsBds,4 BathsBa,"3,100 SqftSqft",Residential,"$728,990 USD"
"['4548', 'CEPEDA', 'STREET,', 'Orlando,', 'FL', '32811']",3 BedsBds,1 BathBa,"1,124 SqftSqft",Residential,"$229,900 USD"
"['2909', 'HARGILL', 'DRIVE,', 'Orlando,', 'FL', '32806']",3 BedsBds,2 BathsBa,"1,995 SqftSqft",Residential,"$374,500 USD"
"['2206', 'MONTANA', 'STREET,', 'Orlando,', 'FL', '32803']",3 BedsBds,2 BathsBa,"1,343 SqftSqft",Residential,"$475,000 USD"
"['5156', 'CONROY', 'ROAD,', 'Orlando,', 'FL', '32811']",2 BedsBds,2 BathsBa,"1,028 SqftSqft",Residential,"$189,000 USD"
"['7147', 'YACHT', 'BASIN', 'AVENUE,', 'Orlando,', 'FL', '32835']",3 BedsBds,2 BathsBa,"1,408 SqftSqft",Residential,"$250,000 USD"
"['1712', 'HART', 'LANE,', 'Orlando,', 'FL', '32804']",3 BedsBds,2 BathsBa,"1,650 SqftSqft",Residential,"$454,000 USD"
"['2328', 'OBERLIN', 'AVENUE,', 'Orlando,', 'FL', '32804']",3 BedsBds,3 BathsBa,"2,148 SqftSqft",Residential,"$559,900 USD"
"['513', 'W', 'PRINCETON-A', 'STREET,', 'Orlando,', 'FL', '32804']",3 BedsBds,3 BathsBa,"1,710 SqftSqft",Residential,"$584,900 USD"
"['6413', 'ASTOR', 'VILLAGE', 'AVENUE,', 'Orlando,', 'FL', '32835']",1 BedBd,1 BathBa,816 SqftSqft,Residential,"$185,000 USD"
"['7220', 'WESTPOINTE', 'BOULEVARD,', 'Orlando,', 'FL', '32835']",3 BedsBds,2 BathsBa,"1,466 SqftSqft",Residential,"$252,500 USD"
"['5550', 'E', 'MICHIGAN', 'STREET,', 'Orlando,', 'FL', '32822']",1 BedBd,1 BathBa,846 SqftSqft,Residential,"$174,900 USD"
"['6144', 'TIVOLI', 'GARDENS', 'BOULEVARD,', 'Orlando,', 'FL', '32829']",3 BedsBds,3 BathsBa,"1,464 SqftSqft",Residential,"$350,000 USD"
"['8704', 'Crick', 'Alley,', 'Orlando,', 'FL', '32832']",4 BedsBds,3 BathsBa,"2,343 SqftSqft",Residential,"$613,990 USD"
"['Tbd', 'MCMILLIAN', 'DRIVE,', 'Orlando,', 'FL', '32832']",5 BedsBds,4 BathsBa,"3,060 SqftSqft",Residential,"$826,529 USD"
"['113', 'LEGGETT', 'ALLEY,', 'Orlando,', 'FL', '32832']",6 BedsBds,4 BathsBa,"3,910 SqftSqft",Residential,"$938,811 USD"
"['1480', 'E', 'ILLIANA', 'STREET,', 'Orlando,', 'FL', '32806']",3 BedsBds,3 BathsBa,"1,621 SqftSqft",Residential,"$459,900 USD"
"['9819', 'BROWN', 'BURROW', 'STREET,', 'Orlando,', 'FL', '32829']",5 BedsBds,4 BathsBa,"2,908 SqftSqft",Residential,"$679,000 USD"
"['10030', 'COBALT', 'BAY', 'ROAD,', 'Orlando,', 'FL', '32827']",4 BedsBds,3 BathsBa,"2,411 SqftSqft",Residential,"$575,000 USD"
"['1112', 'CHICHESTER', 'STREET,', 'Orlando,', 'FL', '32803']",3 BedsBds,3 BathsBa,"2,252 SqftSqft",Residential,"$694,500 USD"
"['4532', 'CONLEY', 'STREET,', 'Orlando,', 'FL', '32811']",4 BedsBds,2 BathsBa,"1,547 SqftSqft",Residential,"$325,000 USD"
"['11854', 'NAUTICA', 'DRIVE,', 'Orlando,', 'FL', '32827']",4 BedsBds,3 BathsBa,"1,810 SqftSqft",Residential,"$465,000 USD"
"['91', 'NERUDA', 'STREET,', 'Orlando,', 'FL', '32832']",5 BedsBds,4 BathsBa,"3,484 SqftSqft",Residential,"$825,622 USD"
"['7517', 'LAUREATE', 'BOULEVARD,', 'Orlando,', 'FL', '32832']",3 BedsBds,2 BathsBa,"1,805 SqftSqft",Residential,"$470,000 USD"
"['127', 'BANFIELD', 'PLACE,', 'Orlando,', 'FL', '32832']",4 BedsBds,4 BathsBa,"3,199 SqftSqft",Residential,"$771,179 USD"
"['4746', 'KIRKLAND', 'BOULEVARD,', 'Orlando,', 'FL', '32811']",4 BedsBds,2 BathsBa,"1,252 SqftSqft",Residential,"$225,000 USD"
"['7024', 'TALLOWTREE', 'LANE,', 'Orlando,', 'FL', '32835']",4 BedsBds,2 BathsBa,"2,103 SqftSqft",Residential,"$389,900 USD"
"['1040', 'HERMAN', 'AVENUE,', 'Orlando,', 'FL', '32803']",2 BedsBds,1 BathBa,"1,019 SqftSqft",Residential,"$310,000 USD"
"['2', 'MOWRY', 'COURT,', 'Orlando,', 'FL', '32832']",5 BedsBds,5 BathsBa,"4,100 SqftSqft",Residential,"$874,935 USD"
"['918', 'S', 'OXALIS', 'AVENUE,', 'Orlando,', 'FL', '32807']",3 BedsBds,2 BathsBa,"1,407 SqftSqft",Residential,"$375,000 USD"
"['54', 'W', 'JERSEY', 'STREET,', 'Orlando,', 'FL', '32806']",3 BedsBds,4 BathsBa,"2,100 SqftSqft",Residential,"$615,000 USD"
"['143', 'MARCONI', 'AVENUE,', 'Orlando,', 'FL', '32832']",3 BedsBds,2 BathsBa,"2,736 SqftSqft",Residential,"$775,467 USD"
"['8095', 'Canyon', 'Lake', 'Circle', ',', 'Orlando,', 'FL', '32835']",4 BedsBds,3 BathsBa,"2,364 SqftSqft",Single-Family Home,"$675,000 USD"
"['8048', 'ASPENCREST', 'COURT,', 'Orlando,', 'FL', '32835']",4 BedsBds,2 BathsBa,"1,629 SqftSqft",Residential,"$379,999 USD"
"['6097', 'FROGGATT', 'STREET,', 'Orlando,', 'FL', '32835']",4 BedsBds,2 BathsBa,"1,959 SqftSqft",Residential,"$420,000 USD"
"['181', 'MCMILLIAN', 'DRIVE,', 'Orlando,', 'FL', '32832']",4 BedsBds,3 BathsBa,"2,883 SqftSqft",Residential,"$764,869 USD"
"['132', 'BLUELEAF', 'STREET,', 'Orlando,', 'FL', '32832']",5 BedsBds,4 BathsBa,"3,628 SqftSqft",Residential,"$801,531 USD"
"['116', 'LEGGETT', 'ALLEY,', 'Orlando,', 'FL', '32832']",5 BedsBds,5 BathsBa,"3,518 SqftSqft",Residential,"$923,009 USD"
"['2518', 'PORTERVIEW', 'WAY,', 'Orlando,', 'FL', '32812']",4 BedsBds,4 BathsBa,"2,854 SqftSqft",Residential,"$599,500 USD"
"['437', 'S', 'LEE', 'AVENUE,', 'Orlando,', 'FL', '32805']",4 BedsBds,2 BathsBa,"1,305 SqftSqft",Residential,"$289,000 USD"
"['9235', 'SWEET', 'MAPLE', 'AVENUE,', 'Orlando,', 'FL', '32832']",3 BedsBds,3 BathsBa,"1,678 SqftSqft",Residential,"$396,000 USD"
"['152', 'BLUELEAF', 'STREET,', 'Orlando,', 'FL', '32832']",4 BedsBds,3 BathsBa,"2,920 SqftSqft",Residential,"$756,978 USD"
"['7567', 'NARCOOSSEE', 'ROAD,', 'Orlando,', 'FL', '32822']",NaN,NaN,NaN,Lots And Land,"$2,750,000 USD"
"['40c', 'PEARSON', 'AVENUE,', 'Orlando,', 'FL', '32832']",3 BedsBds,2 BathsBa,"1,780 SqftSqft",Residential,"$488,990 USD"
"['14172', 'MONIZ', 'AVENUE,', 'Orlando,', 'FL', '32832']",5 BedsBds,5 BathsBa,"3,314 SqftSqft",Residential,"$1,200,000 USD"
"['21', 'N', 'HAMPTON,', 'Orlando,', 'FL', '32803']",4 BedsBds,3 BathsBa,"1,882 SqftSqft",Residential,"$620,000 USD"
"['664', 'BELLHURST', 'COURT,', 'Orlando,', 'FL', '32835']",3 BedsBds,2 BathsBa,"1,545 SqftSqft",Residential,"$355,000 USD"
"['8704', 'Crick', 'Alley,', 'Orlando,', 'FL', '32832']",5 BedsBds,5 BathsBa,"4,024 SqftSqft",Residential,"$805,990 USD"
"['4301', 'LIZSHIRE', 'LANE,', 'Orlando,', 'FL', '32822']",2 BedsBds,1 BathBa,810 SqftSqft,Residential,"$165,000 USD"
"['7903', 'PALMDALE', 'DRIVE,', 'Orlando,', 'FL', '32819']",3 BedsBds,3 BathsBa,"2,776 SqftSqft",Residential,"$699,990 USD"
"['5399', 'AEOLUS', 'WAY,', 'Orlando,', 'FL', '32808']",3 BedsBds,2 BathsBa,"1,459 SqftSqft",Residential,"$220,000 USD"
"['11855', 'PADUA', 'LANE,', 'Orlando,', 'FL', '32827']",5 BedsBds,4 BathsBa,"3,041 SqftSqft",Residential,"$960,000 USD"
"['168', 'SABATIER', 'ALLEY,', 'Orlando,', 'FL', '32832']",6 BedsBds,4 BathsBa,"3,910 SqftSqft",Residential,"$913,810 USD"
"['6480', 'RANELAGH', 'DRIVE,', 'Orlando,', 'FL', '32835']",3 BedsBds,3 BathsBa,"1,665 SqftSqft",Residential,"$299,999 USD"
"['1000', 'PALADIN', 'COURT,', 'Orlando,', 'FL', '32812']",4 BedsBds,3 BathsBa,"2,428 SqftSqft",Residential,"$485,000 USD"
"['1090', 'E', 'MICHIGAN', 'STREET,', 'Orlando,', 'FL', '32806']",1 BedBd,1 BathBa,786 SqftSqft,Residential,"$167,900 USD"
"['1749', 'S', 'RIO', 'GRANDE', 'AVENUE,', 'Orlando,', 'FL', '32805']",2 BedsBds,1 BathBa,962 SqftSqft,Residential,"$185,000 USD"
"['6148', 'WESTGATE', 'DRIVE,', 'Orlando,', 'FL', '32835']",2 BedsBds,2 BathsBa,943 SqftSqft,Residential,"$189,880 USD             35K"
"['3028', 'WATER', 'SPRITE', 'STREET,', 'Orlando,', 'FL', '32808']",3 BedsBds,3 BathsBa,"1,594 SqftSqft",Residential,"$362,200 USD"
"['13268', 'MCMILLIAN', 'DRIVE,', 'Orlando,', 'FL', '32832']",5 BedsBds,5 BathsBa,"3,909 SqftSqft",Residential,"$952,897 USD"
"['120', 'W', 'AMERICA', 'STREET,', 'Orlando,', 'FL', '32801']",1 BedBd,1 BathBa,636 SqftSqft,Residential,"$152,500 USD             19.5K"
"['5713', 'LAKE', 'CHAMPLAIN', 'DRIVE,', 'Orlando,', 'FL', '32829']",5 BedsBds,3 BathsBa,"3,026 SqftSqft",Residential,"$565,000 USD"
"['4008', 'W', 'JEFFERSON', 'STREET,', 'Orlando,', 'FL', '32805']",3 BedsBds,2 BathsBa,"1,550 SqftSqft",Residential,"$299,999 USD"
"['0', 'CURRYFORD', 'RD.,', 'Orlando,', 'FL', '32806']",NaN,NaN,NaN,Lots And Land,"$420,000 USD"
"['4367', 'THORNBRIAR', 'LANE,', 'Orlando,', 'FL', '32822']",2 BedsBds,2 BathsBa,935 SqftSqft,Residential,"$194,999 USD"
"['328', 'MANDRAKE', 'STREET,', 'Orlando,', 'FL', '32811']",2 BedsBds,1 BathBa,849 SqftSqft,Residential,"$204,900 USD"
"['9981', 'Moss', 'Rose', 'Way,', 'Orlando,', 'FL', '32832']",4 BedsBds,3 BathsBa,"2,689 SqftSqft",Residential,"$699,900 USD"
"['513', 'W', 'PRINCETON', 'STREET,', 'Orlando,', 'FL', '32804']",3 BedsBds,3 BathsBa,"1,592 SqftSqft",Residential,"$550,600 USD"
"['6', 'MOWRY', 'COURT,', 'Orlando,', 'FL', '32832']",5 BedsBds,5 BathsBa,"3,630 SqftSqft",Residential,"$848,593 USD"
"['14', 'MOWRY', 'COURT,', 'Orlando,', 'FL', '32832']",4 BedsBds,4 BathsBa,"4,226 SqftSqft",Residential,"$914,871 USD"
"['13426', 'Gabor', 'Ave.,', 'Orlando,', 'FL', '32832']",4 BedsBds,3 BathsBa,"2,689 SqftSqft",Residential,"$642,990 USD"
"['4518', 'COMMANDER', 'DRIVE,', 'Orlando,', 'FL', '32822']",3 BedsBds,2 BathsBa,"1,253 SqftSqft",Residential,"$210,000 USD"
"['3468', 'SOHO', 'STREET,', 'Orlando,', 'FL', '32835']",2 BedsBds,2 BathsBa,"1,233 SqftSqft",Residential,"$199,000 USD"
"['1610', 'LAKEN', 'COVE', 'LANE,', 'Orlando,', 'FL', '32804']",4 BedsBds,4 BathsBa,"3,863 SqftSqft",Residential,"$2,300,000 USD"
"['187', 'MCMILLIAN', 'STREET,', 'Orlando,', 'FL', '32832']",5 BedsBds,5 BathsBa,"4,344 SqftSqft",Residential,"$1,023,140 USD"
"['8841', 'PALM', 'LAKE', 'DRIVE,', 'Orlando,', 'FL', '32819']",NaN,NaN,NaN,Lots And Land,"$1,000,000 USD"
"['6111', 'METROWEST', 'BOULEVARD,', 'Orlando,', 'FL', '32835']",3 BedsBds,3 BathsBa,"1,678 SqftSqft",Residential,"$322,000 USD"
"['124', 'PEEBLES', 'STREET,', 'Orlando,', 'FL', '32832']",4 BedsBds,2 BathsBa,"3,400 SqftSqft",Residential,"$660,990 USD             238K"
"['8989', 'LEE', 'VISTA', 'BOULEVARD,', 'Orlando,', 'FL', '32829']",2 BedsBds,2 BathsBa,"1,255 SqftSqft",Residential,"$275,000 USD"
"['4999', 'LACAYA', 'WAY,', 'Orlando,', 'FL', '32808']",3 BedsBds,2 BathsBa,"1,740 SqftSqft",Residential,"$357,000 USD"
"['5014', 'HIDDEN', 'SPRINGS', 'BOULEVARD,', 'Orlando,', 'FL', '32819']",4 BedsBds,3 BathsBa,"2,393 SqftSqft",Residential,"$519,000 USD"
"['2912', 'Canyon', 'Drive,', 'Orlando,', 'FL', '32822']",3 BedsBds,2 BathsBa,"1,288 SqftSqft",Other,"$55,000 USD"
"['3362', 'GREENWICH', 'VILLAGE', 'BOULEVARD,', 'Orlando,', 'FL', '32835']",2 BedsBds,2 BathsBa,"1,430 SqftSqft",Residential,"$268,000 USD"
"['1324', 'ANCHOR', 'COURT,', 'Orlando,', 'FL', '32804']",4 BedsBds,3 BathsBa,"3,118 SqftSqft",Residential,"$799,900 USD"
"['4093', 'DIJON', 'DRIVE,', 'Orlando,', 'FL', '32808']",2 BedsBds,2 BathsBa,"1,165 SqftSqft",Residential,"$165,000 USD"
"['9981', 'MOSS', 'ROSE', 'WAY,', 'Orlando,', 'FL', '32832']",4 BedsBds,3 BathsBa,"2,689 SqftSqft",Residential,"$699,900 USD"
"['No', 'address', 'available,', 'Orlando,', 'FL', '32811']",4 BedsBds,2 BathsBa,"1,272 SqftSqft",Residential,"$215,000 USD"
"['8121', 'CONROY', 'WINDERMERE', 'ROAD,', 'Orlando,', 'FL', '32835']",NaN,NaN,NaN,Lots And Land,"$1,900,000 USD             600K"
"['707', 'MAYFAIR', 'CIRCLE,', 'Orlando,', 'FL', '32803']",4 BedsBds,3 BathsBa,"2,559 SqftSqft",Residential,"$629,900 USD"
"['4409', 'S', 'SEMORAN', 'BOULEVARD,', 'Orlando,', 'FL', '32822']",3 BedsBds,2 BathsBa,"1,426 SqftSqft",Residential,"$173,000 USD"
"['13109', 'MCMILLIAN', 'DRIVE,', 'Orlando,', 'FL', '32832']",4 BedsBds,3 BathsBa,"2,883 SqftSqft",Residential,"$778,869 USD"
"['181', 'RAWSON', 'STREET,', 'Orlando,', 'FL', '32832']",4 BedsBds,3 BathsBa,"2,687 SqftSqft",Residential,"$733,555 USD"
"['2410', 'CENTER', 'AVENUE,', 'Orlando,', 'FL', '32806']",4 BedsBds,2 BathsBa,"1,420 SqftSqft",Residential,"$530,000 USD"
"['100', 'S', 'EOLA', 'DRIVE,', 'Orlando,', 'FL', '32801']",1 BedBd,2 BathsBa,"1,400 SqftSqft",Residential,"$419,000 USD"
"['7002', 'HARBOR', 'HEIGHTS', 'DRIVE,', 'Orlando,', 'FL', '32835']",3 BedsBds,2 BathsBa,"1,223 SqftSqft",Residential,"$275,000 USD"
"['151', 'E', 'WASHINGTON', 'STREET,', 'Orlando,', 'FL', '32801']",1 BedBd,1 BathBa,975 SqftSqft,Residential,"$205,000 USD"
"['126', 'N', 'PEEBLES', 'STREET,', 'Orlando,', 'FL', '32832']",5 BedsBds,5 BathsBa,"3,909 SqftSqft",Residential,"$913,425 USD"
"['9844', 'CYPRESS', 'PINE', 'STREET,', 'Orlando,', 'FL', '32827']",4 BedsBds,2 BathsBa,"2,439 SqftSqft",Residential,"$700,000 USD"
"['321', 'E', 'HARVARD', 'STREET,', 'Orlando,', 'FL', '32804']",7 BedsBds,5 BathsBa,"2,698 SqftSqft",Residential,"$1,049,000 USD"
"['2518', 'PORTERVIEW', 'WAY,', 'Orlando,', 'FL', '32812']",4 BedsBds,4 BathsBa,"2,854 SqftSqft",Residential,"$599,500 USD"
"['1602', 'PARK', 'LAKE', 'STREET,', 'Orlando,', 'FL', '32803']",3 BedsBds,4 BathsBa,"2,120 SqftSqft",Residential,"$625,000 USD"
"['7517', 'LAUREATE', 'BOULEVARD,', 'Orlando,', 'FL', '32832']",2 BedsBds,2 BathsBa,"1,486 SqftSqft",Residential,"$434,999 USD"
"['4', 'MOWRY', 'COURT,', 'Orlando,', 'FL', '32832']",4 BedsBds,3 BathsBa,"3,210 SqftSqft",Residential,"$833,893 USD"
"['8704', 'Crick', 'Alley,', 'Orlando,', 'FL', '32832']",3 BedsBds,2 BathsBa,"2,432 SqftSqft",Residential,"$635,990 USD"
"['7009', 'TALLOWTREE', 'LANE,', 'Orlando,', 'FL', '32835']",4 BedsBds,2 BathsBa,"2,021 SqftSqft",Residential,"$405,000 USD"
"['4403', 'HECTOR', 'COURT,', 'Orlando,', 'FL', '32822']",2 BedsBds,2 BathsBa,876 SqftSqft,Residential,"$199,900 USD"
"['3143', 'JON', 'JON', 'COURT,', 'Orlando,', 'FL', '32822']",3 BedsBds,2 BathsBa,"1,313 SqftSqft",Residential,"$315,000 USD"
"['67', 'S', 'PEEBLES', 'STREET,', 'Orlando,', 'FL', '32832']",5 BedsBds,5 BathsBa,"3,909 SqftSqft",Residential,"$926,297 USD"
"['92', 'NERUDA', 'STREET,', 'Orlando,', 'FL', '32832']",4 BedsBds,4 BathsBa,"3,470 SqftSqft",Residential,"$929,401 USD"
"['8704', 'Crick', 'Alley,', 'Orlando,', 'FL', '32832']",5 BedsBds,4 BathsBa,"3,764 SqftSqft",Residential,"$777,990 USD"
"['5423', 'TIMBERCHASE', 'COURT,', 'Orlando,', 'FL', '32811']",3 BedsBds,2 BathsBa,"1,100 SqftSqft",Residential,"$325,000 USD"
"['10542', 'LANGEFIELD', 'STREET,', 'Orlando,', 'FL', '32832']",3 BedsBds,3 BathsBa,"2,171 SqftSqft",Residential,"$525,000 USD"
"['50', 'PEARSON,', 'Orlando,', 'FL', '32832']",3 BedsBds,3 BathsBa,"2,411 SqftSqft",Residential,"$753,499 USD"
"['4105', 'FAIRVIEW', 'VISTA', 'POINT,', 'Orlando,', 'FL', '32804']",2 BedsBds,2 BathsBa,"1,065 SqftSqft",Residential,"$266,900 USD"
"['6405', 'Golden', 'Nugget', 'Drive,', 'Orlando,', 'FL', '32822']",2 BedsBds,2 BathsBa,920 SqftSqft,Other,"$50,000 USD"
"['3368', 'ROBERT', 'TRENT', 'JONES', 'DRIVE,', 'Orlando,', 'FL', '32835']",3 BedsBds,2 BathsBa,"2,002 SqftSqft",Residential,"$356,900 USD"
"['2903', 'Nowak', 'Dr,', 'Orlando,', 'FL', '32804']",3 BedsBds,2 BathsBa,"1,031 SqftSqft",Other,"$128,500 USD"
"['4742', 'FONTANA', 'STREET,', 'Orlando,', 'FL', '32807']",3 BedsBds,2 BathsBa,"1,450 SqftSqft",Residential,"$480,000 USD"
"['2260', 'WILLIE', 'MAYS', 'PARKWAY,', 'Orlando,', 'FL', '32811']",3 BedsBds,2 BathsBa,"1,142 SqftSqft",Residential,"$199,999 USD"
"['4432', 'WATCH', 'HILL', 'ROAD,', 'Orlando,', 'FL', '32808']",3 BedsBds,2 BathsBa,"1,275 SqftSqft",Residential,"$299,000 USD"
"['19277', 'ALLIUM', 'PLACE,', 'Orlando,', 'FL', '32832']",4 BedsBds,3 BathsBa,"2,235 SqftSqft",Residential,"$647,523 USD"
"['188', 'MCMILLIAN', 'STREET,', 'Orlando,', 'FL', '32832']",4 BedsBds,4 BathsBa,"3,724 SqftSqft",Residential,"$973,492 USD"
"['3667', 'SWEET', 'BUTTERCUP', 'DRIVE,', 'Orlando,', 'FL', '32822']",4 BedsBds,3 BathsBa,"2,291 SqftSqft",Residential,"$649,900 USD"
"['7474', 'RANCHERO', 'STREET,', 'Orlando,', 'FL', '32822']",3 BedsBds,2 BathsBa,"1,825 SqftSqft",Residential,"$192,000 USD"
"['5271', 'JENNIFER', 'PLACE,', 'Orlando,', 'FL', '32807']",3 BedsBds,2 BathsBa,"1,860 SqftSqft",Residential,"$429,000 USD"
"['4367', 'THORNBRIAR', 'LANE,', 'Orlando,', 'FL', '32822']",2 BedsBds,2 BathsBa,935 SqftSqft,Residential,"$194,999 USD"
"['5572', 'METROWEST', 'BOULEVARD,', 'Orlando,', 'FL', '32811']",2 BedsBds,2 BathsBa,"1,093 SqftSqft",Residential,"$115,000 USD"
"['1', 'MOWRY', 'COURT,', 'Orlando,', 'FL', '32832']",5 BedsBds,5 BathsBa,"3,630 SqftSqft",Residential,"$926,593 USD"
"['S', 'ECONLOCKHATCHEE', 'TRAIL,', 'Orlando,', 'FL', '32829']",NaN,NaN,NaN,Lots And Land,"$3,000,000 USD"
"['2209', 'GOOD', 'HOMES', 'ROAD,', 'Orlando,', 'FL', '32818']",3 BedsBds,2 BathsBa,"1,729 SqftSqft",Residential,"$415,000 USD"
"['3152', 'BARNSTABLE', 'PLACE,', 'Orlando,', 'FL', '32827']",3 BedsBds,2 BathsBa,"1,571 SqftSqft",Residential,"$310,000 USD"
"['S', 'APOPKA', 'VINELAND,', 'Orlando,', 'FL', '32819']",NaN,NaN,NaN,Lots And Land,"$299,000 USD"
"['9797', 'TIRAMASU', 'TRAIL,', 'Orlando,', 'FL', '32829']",3 BedsBds,3 BathsBa,"1,698 SqftSqft",Residential,"$230,000 USD"
"['7505', 'LAUREATE', 'BOULEVARD,', 'Orlando,', 'FL', '32832']",2 BedsBds,2 BathsBa,"1,486 SqftSqft",Residential,"$400,000 USD"
"['8163', 'CORKFIELD', 'AVENUE,', 'Orlando,', 'FL', '32832']",4 BedsBds,3 BathsBa,"2,170 SqftSqft",Residential,"$550,000 USD"
"['MANATEE', 'STREET,', 'Orlando,', 'FL', '32822']",NaN,NaN,NaN,Lots And Land,"$242,000 USD"
"['3159', 'MERTON', 'ALLEY,', 'Orlando,', 'FL', '32808']",3 BedsBds,3 BathsBa,"1,594 SqftSqft",Residential,"$362,990 USD"
"['MANATEE', 'STREET,', 'Orlando,', 'FL', '32822']",NaN,NaN,NaN,Lots And Land,"$242,000 USD"
"['3727', 'S', 'LAKE', 'ORLANDO', 'PARKWAY,', 'Orlando,', 'FL', '32808']",2 BedsBds,2 BathsBa,"1,021 SqftSqft",Residential,"$174,000 USD"
"['652', 'CHARING', 'COURT,', 'Orlando,', 'FL', '32835']",3 BedsBds,3 BathsBa,"1,710 SqftSqft",Residential,"$359,900 USD"
"['13119', 'GRANGER', 'AVENUE,', 'Orlando,', 'FL', '32832']",5 BedsBds,5 BathsBa,"4,054 SqftSqft",Residential,"$1,049,777 USD"
"['1804', 'CURRY', 'AVE,', 'Orlando,', 'FL', '32812']",3 BedsBds,2 BathsBa,"1,811 SqftSqft",Residential,"$349,000 USD"
"['2883', 'Canyon', 'Drive,', 'Orlando,', 'FL', '32822']",4 BedsBds,2 BathsBa,"1,478 SqftSqft",Other,"$156,900 USD"
"['4536', 'COMMANDER', 'DRIVE,', 'Orlando,', 'FL', '32822']",1 BedBd,1 BathBa,735 SqftSqft,Residential,"$124,000 USD"
"['3632', 'SENECA', 'CLUB', 'LOOP,', 'Orlando,', 'FL', '32808']",3 BedsBds,3 BathsBa,"1,540 SqftSqft",Residential,"$289,900 USD"
"['13426', 'Gabor', 'Ave.,', 'Orlando,', 'FL', '32832']",4 BedsBds,4 BathsBa,"2,843 SqftSqft",Residential,"$653,990 USD"
"['3224', 'Merton', 'Alley,', 'Orlando,', 'FL', '32808']",3 BedsBds,3 BathsBa,"1,594 SqftSqft",Residential,"$354,990 USD"
"['5215', 'HILLVIEW', 'LANE,', 'Orlando,', 'FL', '32819']",5 BedsBds,6 BathsBa,"3,832 SqftSqft",Residential,"$1,899,000 USD"
"['830', 'WILKINSON', 'STREET,', 'Orlando,', 'FL', '32803']",NaN,NaN,NaN,Lots And Land,"$1,355,000 USD"
"['1602', 'PARK', 'LAKE', 'STREET,', 'Orlando,', 'FL', '32803']",3 BedsBds,4 BathsBa,"2,212 SqftSqft",Residential,"$650,000 USD"
"['353', 'DEMPSEY', 'WAY,', 'Orlando,', 'FL', '32835']",3 BedsBds,2 BathsBa,"1,497 SqftSqft",Residential,"$429,000 USD"
"['1005', 'RANDALL', 'STREET,', 'Orlando,', 'FL', '32805']",NaN,NaN,NaN,Lots And Land,"$45,000 USD             4.9K"
"['715', 'PALMERA', 'STREET,', 'Orlando,', 'FL', '32811']",3 BedsBds,3 BathsBa,"1,476 SqftSqft",Residential,"$295,000 USD"
"['8525', 'WHITE', 'ROSE', 'DRIVE,', 'Orlando,', 'FL', '32818']",4 BedsBds,3 BathsBa,"2,121 SqftSqft",Residential,"$435,000 USD"
"['13615', 'RITTA', 'ISLAND', 'DRIVE,', 'Orlando,', 'FL', '32832']",5 BedsBds,5 BathsBa,"3,333 SqftSqft",Residential,"$1,100,000 USD"
"['12028', 'TALITHA', 'LANE,', 'Orlando,', 'FL', '32827']",4 BedsBds,3 BathsBa,"1,820 SqftSqft",Residential,"$455,000 USD"
"['3960', 'SOUTHPOINTE', 'DRIVE,', 'Orlando,', 'FL', '32822']",2 BedsBds,2 BathsBa,"1,045 SqftSqft",Residential,"$233,035 USD"
"['18883', 'PLANETREE', 'STREET,', 'Orlando,', 'FL', '32832']",4 BedsBds,4 BathsBa,"3,100 SqftSqft",Residential,"$973,715 USD"
"['3603', 'ATRIUM', 'DRIVE,', 'Orlando,', 'FL', '32822']",2 BedsBds,2 BathsBa,820 SqftSqft,Residential,"$199,999 USD"
"['156', 'BLUELEAF', 'STREET,', 'Orlando,', 'FL', '32832']",5 BedsBds,4 BathsBa,"3,628 SqftSqft",Residential,"$813,960 USD"
"['130', 'MANDRAKE', 'STREET,', 'Orlando,', 'FL', '32811']",3 BedsBds,1 BathBa,"1,310 SqftSqft",Residential,"$233,000 USD"
"['158', 'BLUELEAF', 'STREET,', 'Orlando,', 'FL', '32832']",5 BedsBds,4 BathsBa,"3,320 SqftSqft",Residential,"$767,988 USD"
"['3', 'MOWRY', 'COURT,', 'Orlando,', 'FL', '32832']",4 BedsBds,3 BathsBa,"3,210 SqftSqft",Residential,"$848,893 USD"
"['5944', 'BRANCH', 'DRIVE,', 'Orlando,', 'FL', '32822']",3 BedsBds,2 BathsBa,"1,132 SqftSqft",Residential,"$287,500 USD"
"['1015', 'N', 'HAMPTON', 'AVENUE,', 'Orlando,', 'FL', '32803']",3 BedsBds,2 BathsBa,"1,979 SqftSqft",Residential,"$671,000 USD"
"['1305', 'W', 'KALEY', 'AVENUE,', 'Orlando,', 'FL', '32805']",2 BedsBds,1 BathBa,874 SqftSqft,Residential,"$215,000 USD"
"['626', 'FLORIDA', 'STREET,', 'Orlando,', 'FL', '32806']",4 BedsBds,3 BathsBa,"2,305 SqftSqft",Residential,"$699,000 USD"
"['13139', 'MCMILLIAN', 'DRIVE,', 'Orlando,', 'FL', '32832']",4 BedsBds,3 BathsBa,"2,883 SqftSqft",Residential,"$781,196 USD"
"['4512', 'COMMANDER', 'DRIVE,', 'Orlando,', 'FL', '32822']",2 BedsBds,1 BathBa,934 SqftSqft,Residential,"$190,000 USD"
"['141', 'MARCONI', 'AVENUE,', 'Orlando,', 'FL', '32832']",3 BedsBds,2 BathsBa,"2,736 SqftSqft",Residential,"$808,346 USD"
"['90', 'NERUDA', 'STREET,', 'Orlando,', 'FL', '32832']",5 BedsBds,4 BathsBa,"3,103 SqftSqft",Residential,"$839,894 USD"
"['4360', 'CONROY', 'CLUB', 'DRIVE,', 'Orlando,', 'FL', '32835']",4 BedsBds,3 BathsBa,"2,534 SqftSqft",Residential,"$598,000 USD"
"['627', 'WOODWARD', 'STREET,', 'Orlando,', 'FL', '32803']",4 BedsBds,4 BathsBa,"2,553 SqftSqft",Residential,"$789,000 USD"
"['512', 'E', 'AMELIA', 'STREET,', 'Orlando,', 'FL', '32803']",4 BedsBds,3 BathsBa,"2,535 SqftSqft",Residential,"$699,900 USD"
"['1807', 'GOOD', 'HOMES', 'RD,', 'Orlando,', 'FL', '32818']",NaN,NaN,NaN,Lots And Land,"$419,000 USD"
"['3468', 'SOHO', 'STREET,', 'Orlando,', 'FL', '32835']",1 BedBd,1 BathBa,945 SqftSqft,Residential,"$154,900 USD"
"['12028', 'XENIA', 'LANE,', 'Orlando,', 'FL', '32827']",3 BedsBds,2 BathsBa,"1,941 SqftSqft",Residential,"$650,000 USD"
"['8704', 'Crick', 'Alley,', 'Orlando,', 'FL', '32832']",3 BedsBds,2 BathsBa,"1,976 SqftSqft",Residential,"$585,990 USD"
"['912', 'S', 'GOLDWYN', 'AVENUE,', 'Orlando,', 'FL', '32805']",3 BedsBds,2 BathsBa,"1,780 SqftSqft",Residential,"$260,000 USD"
"['18435', 'MOWRY', 'COURT,', 'Orlando,', 'FL', '32832']",5 BedsBds,4 BathsBa,"3,628 SqftSqft",Residential,"$879,564 USD"
"['13', 'N', 'HAMPTON,', 'Orlando,', 'FL', '32803']",4 BedsBds,3 BathsBa,"1,882 SqftSqft",Residential,"$620,000 USD"
"['542', 'W', 'PAR', 'STREET,', 'Orlando,', 'FL', '32804']",2 BedsBds,3 BathsBa,"1,800 SqftSqft",Residential,"$389,900 USD"
"['101', 'S', 'EOLA', 'DRIVE,', 'Orlando,', 'FL', '32801']",1 BedBd,2 BathsBa,980 SqftSqft,Residential,"$315,000 USD"
"['93', 'ALLIUM', 'PLACE,', 'Orlando,', 'FL', '32832']",4 BedsBds,4 BathsBa,"3,320 SqftSqft",Residential,"$752,988 USD"
"['944', 'KENSINGTON', 'DRIVE,', 'Orlando,', 'FL', '32808']",3 BedsBds,2 BathsBa,"1,218 SqftSqft",Residential,"$164,000 USD"
"['18604', 'WINDROOT', 'PLACE,', 'Orlando,', 'FL', '32832']",5 BedsBds,4 BathsBa,"3,856 SqftSqft",Residential,"$916,102 USD"
"['2899', 'Stallion', 'Drive,', 'Orlando,', 'FL', '32822']",3 BedsBds,2 BathsBa,"1,400 SqftSqft",Other,"$126,500 USD"
"['117', 'ROBDELL', 'STREET,', 'Orlando,', 'FL', '32832']",3 BedsBds,3 BathsBa,"2,397 SqftSqft",Residential,"$740,970 USD"
"['1614', 'POE', 'AVENUE,', 'Orlando,', 'FL', '32806']",3 BedsBds,2 BathsBa,"1,746 SqftSqft",Residential,"$475,000 USD"
"['530', 'E', 'CENTRAL', 'BOULEVARD,', 'Orlando,', 'FL', '32801']",2 BedsBds,2 BathsBa,"1,338 SqftSqft",Residential,"$349,000 USD"
"['13426', 'Gabor', 'Ave.,', 'Orlando,', 'FL', '32832']",4 BedsBds,4 BathsBa,"3,199 SqftSqft",Residential,"$735,990 USD"
"['1837', 'WILTON', 'AVENUE,', 'Orlando,', 'FL', '32805']",2 BedsBds,1 BathBa,956 SqftSqft,Residential,"$220,000 USD"
"['1110', 'SW', 'IVANHOE', 'BOULEVARD,', 'Orlando,', 'FL', '32804']",3 BedsBds,4 BathsBa,"3,129 SqftSqft",Residential,"$799,900 USD"
"['13426', 'Gabor', 'Ave.,', 'Orlando,', 'FL', '32832']",4 BedsBds,3 BathsBa,"2,717 SqftSqft",Residential,"$703,990 USD"
"['4054', 'THOMASSA', 'COURT,', 'Orlando,', 'FL', '32812']",3 BedsBds,2 BathsBa,"1,624 SqftSqft",Residential,"$349,900 USD"
"['108', 'MARCONI', 'AVENUE,', 'Orlando,', 'FL', '32832']",5 BedsBds,4 BathsBa,"3,103 SqftSqft",Residential,"$839,894 USD"
"['4367', 'THORNBRIAR', 'LANE,', 'Orlando,', 'FL', '32822']",2 BedsBds,2 BathsBa,935 SqftSqft,Residential,"$167,990 USD"
"['9206', 'YONATH', 'STREET,', 'Orlando,', 'FL', '32832']",4 BedsBds,3 BathsBa,"2,477 SqftSqft",Residential,"$998,000 USD"
"['110', 'N', 'NORMANDALE', 'AVENUE,', 'Orlando,', 'FL', '32835']",2 BedsBds,1 BathBa,713 SqftSqft,Residential,"$220,000 USD"
"['11657', 'SAVONA', 'WAY,', 'Orlando,', 'FL', '32827']",5 BedsBds,6 BathsBa,"5,479 SqftSqft",Residential,"$1,299,990 USD"
"['4528', 'COMMANDER', 'DRIVE,', 'Orlando,', 'FL', '32822']",2 BedsBds,1 BathBa,934 SqftSqft,Residential,"$165,000 USD"
"['62', 'W', 'JERSEY', 'STREET,', 'Orlando,', 'FL', '32806']",3 BedsBds,4 BathsBa,"2,100 SqftSqft",Residential,"$530,000 USD"
"['8704', 'Crick', 'Alley,', 'Orlando,', 'FL', '32832']",4 BedsBds,3 BathsBa,"2,396 SqftSqft",Residential,"$628,990 USD"
"['5311', 'JENNIFER', 'PLACE,', 'Orlando,', 'FL', '32807']",4 BedsBds,2 BathsBa,"1,751 SqftSqft",Residential,"$445,000 USD"
"['8656', 'ELDER', 'LANE,', 'Orlando,', 'FL', '32827']",3 BedsBds,3 BathsBa,"1,830 SqftSqft",Residential,"$485,000 USD"
"['1416', 'MAURY', 'ROAD,', 'Orlando,', 'FL', '32804']",3 BedsBds,2 BathsBa,"1,400 SqftSqft",Residential,"$435,000 USD"
"['1602', 'PARK', 'LAKE', 'STREET,', 'Orlando,', 'FL', '32803']",3 BedsBds,4 BathsBa,"2,081 SqftSqft",Residential,"$615,000 USD"
"['60', 'PEEBLES', 'STREET,', 'Orlando,', 'FL', '32832']",4 BedsBds,4 BathsBa,"3,157 SqftSqft",Residential,"$878,308 USD"
"['11970', 'XENIA', 'LANE,', 'Orlando,', 'FL', '32827']",3 BedsBds,2 BathsBa,"1,958 SqftSqft",Residential,"$599,000 USD"
"['108', 'ALLIUM', 'PLACE,', 'Orlando,', 'FL', '32832']",4 BedsBds,4 BathsBa,"2,688 SqftSqft",Residential,"$691,284 USD"
"['155', 'S', 'COURT', 'AVENUE,', 'Orlando,', 'FL', '32801']",1 BedBd,1 BathBa,729 SqftSqft,Residential,"$269,900 USD"
"['6460', 'LYONS', 'ST,', 'Orlando,', 'FL', '32807']",4 BedsBds,1 BathBa,"1,376 SqftSqft",Residential,"$320,000 USD             79.9K"
"['22', 'MOWRY', 'STREET,', 'Orlando,', 'FL', '32832']",4 BedsBds,4 BathsBa,"3,506 SqftSqft",Residential,"$893,341 USD"
"['4720', 'S', 'HAMPTON', 'DRIVE,', 'Orlando,', 'FL', '32812']",3 BedsBds,3 BathsBa,"2,000 SqftSqft",Residential,"$429,000 USD"
"['18867', 'PLANETREE', 'STREET,', 'Orlando,', 'FL', '32832']",4 BedsBds,4 BathsBa,"2,688 SqftSqft",Residential,"$845,852 USD"
"['14201', 'CORRIGAN', 'AVENUE,', 'Orlando,', 'FL', '32832']",6 BedsBds,6 BathsBa,"5,162 SqftSqft",Residential,"$1,970,000 USD"
"['1347', 'CHATFIELD', 'PLACE,', 'Orlando,', 'FL', '32814']",2 BedsBds,3 BathsBa,"2,337 SqftSqft",Residential,"$628,000 USD"
"['4422', 'AMERICA', 'STREET,', 'Orlando,', 'FL', '32811']",3 BedsBds,3 BathsBa,"1,262 SqftSqft",Residential,"$319,000 USD"
"['6440', 'GREYLYNNE', 'STREET,', 'Orlando,', 'FL', '32807']",3 BedsBds,1 BathBa,"1,100 SqftSqft",Residential,"$240,000 USD"
"['1041', 'S', 'HIAWASSEE', 'ROAD,', 'Orlando,', 'FL', '32835']",2 BedsBds,2 BathsBa,829 SqftSqft,Residential,"$199,925 USD"
"['7310', 'WESTPOINTE', 'BOULEVARD,', 'Orlando,', 'FL', '32835']",2 BedsBds,2 BathsBa,"1,071 SqftSqft",Residential,"$209,900 USD"
"['3368', 'PARKCHESTER', 'SQUARE', 'BOULEVARD,', 'Orlando,', 'FL', '32835']",2 BedsBds,2 BathsBa,"1,160 SqftSqft",Residential,"$209,900 USD"
"['5314', 'BURNING', 'TREE', 'DRIVE,', 'Orlando,', 'FL', '32811']",1 BedBd,1 BathBa,"1,173 SqftSqft",Residential,"$142,900 USD"
"['114', 'DAHLIA', 'VILLAGE', 'CIRCLE,', 'Orlando,', 'FL', '32807']",2 BedsBds,2 BathsBa,"1,316 SqftSqft",Residential,"$259,990 USD"
"['2405', 'E', 'KALEY', 'AVENUE,', 'Orlando,', 'FL', '32806']",3 BedsBds,3 BathsBa,"2,245 SqftSqft",Residential,"$499,900 USD             75K"
"['6301', 'NASSAU', 'AVENUE,', 'Orlando,', 'FL', '32822']",2 BedsBds,1 BathBa,"1,286 SqftSqft",Residential,"$459,000 USD"
"['5', 'MOWRY', 'COURT,', 'Orlando,', 'FL', '32832']",4 BedsBds,4 BathsBa,"4,226 SqftSqft",Residential,"$831,659 USD"
"['521', 'W', 'PRINCETON', 'STREET,', 'Orlando,', 'FL', '32804']",3 BedsBds,3 BathsBa,"1,458 SqftSqft",Residential,"$481,000 USD"
"['7818', 'SAINT', 'ANDREWS', 'CIRCLE,', 'Orlando,', 'FL', '32835']",4 BedsBds,3 BathsBa,"2,360 SqftSqft",Residential,"$489,000 USD"
"['363', 'S', 'CANDLER', 'AVENUE,', 'Orlando,', 'FL', '32835']",2 BedsBds,1 BathBa,768 SqftSqft,Residential,"$117,000 USD"
"['2928', 'Wild', 'Horse', 'Road,', 'Orlando,', 'FL', '32822']",2 BedsBds,2 BathsBa,"1,196 SqftSqft",Other,"$60,000 USD"
"['3232', 'MERTON', 'ALLEY,', 'Orlando,', 'FL', '32808']",3 BedsBds,3 BathsBa,"1,594 SqftSqft",Residential,"$349,990 USD"
"['1828', 'KALURNA', 'COURT,', 'Orlando,', 'FL', '32806']",3 BedsBds,3 BathsBa,"2,500 SqftSqft",Residential,"$799,000 USD"
"['9517', 'SILVER', 'BUTTONWOOD', 'STREET,', 'Orlando,', 'FL', '32832']",3 BedsBds,3 BathsBa,"1,753 SqftSqft",Residential,"$374,900 USD"
"['430', 'S', 'Orange', 'Blossom', 'Trail', 'Street,', 'Orlando,', 'FL', '32805']",NaN,NaN,NaN,Lots And Land,"$975,000 USD"
"['4494', 'WELDON', 'PLACE,', 'Orlando,', 'FL', '32811']",3 BedsBds,1 BathBa,"1,354 SqftSqft",Residential,"$249,900 USD"
"['5038', 'BENWICK', 'ALLEY,', 'Orlando,', 'FL', '32814']",6 BedsBds,5 BathsBa,"5,402 SqftSqft",Residential,"$2,300,000 USD"
"['9672', 'BRYANSTON', 'DRIVE,', 'Orlando,', 'FL', '32827']",5 BedsBds,6 BathsBa,"5,107 SqftSqft",Residential,"$2,999,000 USD"
"['6404', 'RALEIGH', 'STREET,', 'Orlando,', 'FL', '32835']",2 BedsBds,2 BathsBa,"1,051 SqftSqft",Residential,"$220,000 USD"
"['8704', 'Crick', 'Alley,', 'Orlando,', 'FL', '32832']",3 BedsBds,3 BathsBa,"2,397 SqftSqft",Residential,"$629,990 USD"
"['101', 'S', 'EOLA', 'DRIVE,', 'Orlando,', 'FL', '32801']",1 BedBd,2 BathsBa,980 SqftSqft,Residential,"$279,900 USD"
"['4528', 'CONLEY', 'STREET,', 'Orlando,', 'FL', '32811']",4 BedsBds,2 BathsBa,"1,547 SqftSqft",Residential,"$325,000 USD"
"['161', 'RAWSON', 'STREET,', 'Orlando,', 'FL', '32832']",5 BedsBds,4 BathsBa,"3,628 SqftSqft",Residential,"$801,531 USD"
"['5737', 'GATLIN', 'AVENUE,', 'Orlando,', 'FL', '32822']",2 BedsBds,2 BathsBa,"1,054 SqftSqft",Residential,"$180,000 USD"
"['1848', 'PATTERSON', 'AVENUE,', 'Orlando,', 'FL', '32811']",3 BedsBds,1 BathBa,"1,020 SqftSqft",Residential,"$250,000 USD"
"['6209', 'W', 'HARWOOD', 'AVENUE,', 'Orlando,', 'FL', '32835']",3 BedsBds,1 BathBa,"1,323 SqftSqft",Residential,"$265,000 USD"
"['8009', 'LANDGROVE', 'COURT,', 'Orlando,', 'FL', '32819']",4 BedsBds,4 BathsBa,"3,171 SqftSqft",Residential,"$875,000 USD"
"['3391', 'PARKCHESTER', 'SQUARE', 'BOULEVARD,', 'Orlando,', 'FL', '32835']",1 BedBd,1 BathBa,930 SqftSqft,Residential,"$195,000 USD"
"['6663', 'QUEENS', 'BOROUGH', 'AVENUE,', 'Orlando,', 'FL', '32835']",3 BedsBds,2 BathsBa,"1,260 SqftSqft",Residential,"$225,000 USD"
"['1887', 'FLORENCE', 'VISTA', 'BOULEVARD,', 'Orlando,', 'FL', '32818']",5 BedsBds,3 BathsBa,"2,770 SqftSqft",Residential,"$500,000 USD"
"['5433', 'LAKE', 'MARGARET', 'DRIVE,', 'Orlando,', 'FL', '32812']",2 BedsBds,2 BathsBa,"1,023 SqftSqft",Residential,"$212,000 USD"
"['6598', 'TAXIWAY', 'CIRCLE,', 'Orlando,', 'FL', '32822']",4 BedsBds,3 BathsBa,"2,556 SqftSqft",Residential,"$519,900 USD"
"['530', 'E', 'CENTRAL', 'BOULEVARD,', 'Orlando,', 'FL', '32801']",2 BedsBds,2 BathsBa,"2,495 SqftSqft",Residential,"$899,000 USD"
"['3029', 'GREENMOUNT', 'ROAD,', 'Orlando,', 'FL', '32806']",4 BedsBds,2 BathsBa,"1,862 SqftSqft",Residential,"$475,000 USD"
"['NARCOOSSEE', 'ROAD,', 'Orlando,', 'FL', '32822']",NaN,NaN,NaN,Lots And Land,"$75,000 USD"
"['46', 'PEARSON', 'AVENUE,', 'Orlando,', 'FL', '32832']",4 BedsBds,4 BathsBa,"2,247 SqftSqft",Residential,"$713,336 USD"
"['4592', 'PHEASANT', 'RUN', 'DRIVE,', 'Orlando,', 'FL', '32808']",2 BedsBds,2 BathsBa,"1,061 SqftSqft",Residential,"$178,000 USD"
"['4300', 'LENOX', 'BOULEVARD,', 'Orlando,', 'FL', '32811']",4 BedsBds,2 BathsBa,"1,662 SqftSqft",Residential,"$310,000 USD"
"['3315', 'PARKCHESTER', 'SQUARE', 'BOULEVARD,', 'Orlando,', 'FL', '32835']",3 BedsBds,2 BathsBa,"1,489 SqftSqft",Residential,"$320,000 USD"
"['2008', 'PAGE', 'AVENUE,', 'Orlando,', 'FL', '32806']",4 BedsBds,NaN,"1,516 SqftSqft",MultiFamily,"$435,000 USD"
"['833', 'DARTMOUTH', 'STREET,', 'Orlando,', 'FL', '32804']",4 BedsBds,4 BathsBa,"2,548 SqftSqft",Residential,"$1,129,000 USD"
"['117', 'E', 'CONCORD', 'STREET,', 'Orlando,', 'FL', '32801']",3 BedsBds,4 BathsBa,"1,834 SqftSqft",Residential,"$574,900 USD"
"['144', 'MARCONI', 'STREET,', 'Orlando,', 'FL', '32832']",3 BedsBds,2 BathsBa,"1,976 SqftSqft",Residential,"$645,990 USD             219K"
"['536', 'W', 'PAR', 'STREET,', 'Orlando,', 'FL', '32804']",2 BedsBds,3 BathsBa,"1,800 SqftSqft",Residential,"$499,900 USD"
"['533', 'EARTHA', 'LANE,', 'Orlando,', 'FL', '32805']",2 BedsBds,2 BathsBa,"1,074 SqftSqft",Residential,"$225,000 USD"
"['7760', 'PINEAPPLE', 'DRIVE,', 'Orlando,', 'FL', '32835']",3 BedsBds,2 BathsBa,"1,510 SqftSqft",Residential,"$399,900 USD"
"['5204', 'SAPLING', 'SPROUT', 'DRIVE,', 'Orlando,', 'FL', '32829']",3 BedsBds,3 BathsBa,"1,809 SqftSqft",Residential,"$399,000 USD"
"['3724', 'S', 'LAKE', 'ORLANDO', 'PARKWAY,', 'Orlando,', 'FL', '32808']",4 BedsBds,2 BathsBa,"2,033 SqftSqft",Residential,"$391,000 USD"
"['58', 'LAXNESS', 'STREET,', 'Orlando,', 'FL', '32832']",4 BedsBds,3 BathsBa,"3,192 SqftSqft",Residential,"$836,862 USD"
"['806', 'E', 'LIVINGSTON', 'STREET,', 'Orlando,', 'FL', '32803']",3 BedsBds,NaN,"1,398 SqftSqft",MultiFamily,"$599,900 USD"
"['19342', 'BANFIELD', 'PLACE,', 'Orlando,', 'FL', '32832']",4 BedsBds,3 BathsBa,"2,712 SqftSqft",Residential,"$747,394 USD"
"['3807', 'E', 'ESTHER', 'STREET,', 'Orlando,', 'FL', '32812']",3 BedsBds,2 BathsBa,"1,666 SqftSqft",Residential,"$359,900 USD"
"['706', 'STRATHMORE', 'DRIVE,', 'Orlando,', 'FL', '32803']",4 BedsBds,2 BathsBa,"1,678 SqftSqft",Residential,"$445,000 USD"
"['4631', 'RING', 'NECK', 'ROAD,', 'Orlando,', 'FL', '32808']",2 BedsBds,2 BathsBa,960 SqftSqft,Residential,"$174,900 USD"
"['Isles', 'of', 'Lake', 'Nona', '-', 'Mystique', '10774', 'Pahokee', 'Beach', 'Place,', 'Orlando,', 'FL', '32832']",2 BedsBds,2 BathsBa,"1,889 SqftSqft",SingleFamily,"$630,990 USD"
"['Pinewood', 'Reserve', '-', 'Cedar', '5973', 'Wooden', 'Pine', 'Drive,', 'Orlando,', 'FL', '32829']",3 BedsBds,2 BathsBa,"1,662 SqftSqft",SingleFamily,"$466,990 USD"
"['Weslyn', 'Park', 'in', 'Sunbridge', '-', 'Zinnia', '13426', 'Gabor', 'Avenue,', 'Orlando,', 'FL', '32832']",5 BedsBds,5.5 BathsBa,"3,503 SqftSqft",SingleFamily,"$669,990 USD"
"['Summerdale', 'Park', 'at', 'Lake', 'Nona', '-', 'Austin', 'Boggy', 'Creek', 'Road,', 'Orlando,', 'FL', '32832']",4 BedsBds,4.5 BathsBa,"3,630 SqftSqft",SingleFamily,"$789,990 USD"
"['Weslyn', 'Park', 'in', 'Sunbridge', '-', 'Vista', '13426', 'Gabor', 'Avenue,', 'Orlando,', 'FL', '32832']",4 BedsBds,3 BathsBa,"1,855 SqftSqft",MultiFamily,"$395,990 USD"
"['Weslyn', 'Park', 'in', 'Sunbridge', '-', 'Jasmine', '13426', 'Gabor', 'Avenue,', 'Orlando,', 'FL', '32832']",4 BedsBds,3.5 BathsBa,"1,789 SqftSqft",SingleFamily,"$499,990 USD"
"['Pinewood', 'Reserve', '-', 'Foxtail', '-', 'Interior', 'Unit', '11087', 'Leafshore', 'Loop,', 'Orlando,', 'FL', '32829']",3 BedsBds,2.5 BathsBa,"1,652 SqftSqft",MultiFamily,"$399,990 USD"
"['Weslyn', 'Park', 'in', 'Sunbridge', '-', 'Hawthorne', '13426', 'Gabor', 'Avenue,', 'Orlando,', 'FL', '32832']",3 BedsBds,2 BathsBa,"1,739 SqftSqft",SingleFamily,"$494,990 USD"
